time,status,channel1,channel2,channel3,channel4,channel5,channel6,channel7,channel8

2025-05-01 02:41:20,9,C37,AA0,35B7,FFE58D,FFF52C,2E3,FFF569,FFFF77
2025-05-01 02:41:20,9,C3A,A83,35BE,FFE597,FFF52A,2ED,FFF56B,FFFF72
2025-05-01 02:41:20,9,C27,A86,35C4,FFE57F,FFF532,2FB,FFF563,FFFF61
2025-05-01 02:41:20,9,C31,A92,35C1,FFE587,FFF53C,2F1,FFF572,FFFF8D
2025-05-01 02:41:20,9,C2E,A83,35BB,FFE590,FFF52D,2FC,FFF562,FFFF8E
2025-05-01 02:41:20,9,C3A,A8F,35C0,FFE592,FFF536,2E6,FFF56D,FFFF98
2025-05-01 02:41:20,9,C38,AA1,35D8,FFE581,FFF534,2DD,FFF56A,FFFF86
2025-05-01 02:41:20,9,C32,A9F,35CA,FFE585,FFF529,2E3,FFF552,FFFF63
2025-05-01 02:41:20,9,C33,A86,35C6,FFE591,FFF526,2E1,FFF568,FFFF6E
2025-05-01 02:41:20,9,C20,A8B,35D2,FFE594,FFF531,2E8,FFF570,FFFF70
2025-05-01 02:41:20,9,C3E,A9C,35D3,FFE591,FFF536,2ED,FFF56D,FFFF73
2025-05-01 02:41:20,9,C52,A96,35C8,FFE591,FFF534,2E5,FFF577,FFFF6C
2025-05-01 02:41:20,9,C52,AA9,35C8,FFE5A3,FFF538,2DA,FFF577,FFFF7D
2025-05-01 02:41:20,9,C64,A91,35D3,FFE5A8,FFF54A,2DD,FFF589,FFFFA2
2025-05-01 02:41:20,9,C5C,A8F,35E6,FFE594,FFF54B,2F3,FFF572,FFFF95
2025-05-01 02:41:20,9,C2C,A8B,35D4,FFE583,FFF541,2D9,FFF556,FFFF89
2025-05-01 02:41:20,9,C32,A76,35B2,FFE5A9,FFF53F,2F6,FFF563,FFFFA9
2025-05-01 02:41:20,9,B27,9DC,349C,FFE56C,FFF44E,283,FFF466,FFFF8D
2025-05-01 02:41:20,9,80C,70B,31C7,FFE360,FFF14C,FFFFC5,FFF13C,FFFEA9
2025-05-01 02:41:20,9,3D8,254,2D88,FFE09E,FFEDCD,FFFB0B,FFED6F,FFFDEC
2025-05-01 02:41:20,9,D7,FFFF40,2A8D,FFE111,FFEFA8,FFF9DF,FFEA80,FFFFC8
2025-05-01 02:41:20,9,386,1C4,2D1A,FFE8A2,FFFC1A,214,FFEDB3,549
2025-05-01 02:41:20,9,E1D,AAE,379E,FFF435,12B2,15CD,FFFA57,B43
2025-05-01 02:41:20,9,1E7B,17B1,47DF,63,2A88,2FC5,F7C,100A
2025-05-01 02:41:20,9,32A0,272C,5C15,B31,4165,4BFB,2791,13F4
2025-05-01 02:41:20,9,47A5,369C,7105,10B4,541E,674B,41F1,1514
2025-05-01 02:41:20,9,588B,4340,81F9,844,533E,729B,5492,E2F
2025-05-01 02:41:20,9,5C13,45E7,8569,FFF13C,37E3,6510,53A7,FFFE32
2025-05-01 02:41:20,9,51A8,3DD1,7AD1,FFCFC1,E25,4A58,42DE,FFE94B
2025-05-01 02:41:20,9,4014,30C1,6935,FFAA26,FFE257,2A42,2CA0,FFD54A
2025-05-01 02:41:20,9,2C36,222D,5583,FF8E97,FFBF2D,C3E,1195,FFC689
2025-05-01 02:41:20,9,1889,13FD,41FA,FF8B00,FFB62A,FFF4FA,FFFCD0,FFC66E
2025-05-01 02:41:20,9,CA6,B48,362D,FF9B6E,FFC125,FFEBC8,FFF131,FFD31D
2025-05-01 02:41:20,9,741,6B1,30E4,FFB2E5,FFD2E8,FFED89,FFED08,FFE26A
2025-05-01 02:41:20,9,57D,43B,2F1F,FFC7F6,FFE258,FFF448,FFECEE,FFEFAB
2025-05-01 02:41:20,9,697,568,3042,FFD6F6,FFEBDE,FFFB1C,FFEEE4,FFF7C7
2025-05-01 02:41:20,9,99F,8CF,3353,FFDFEF,FFF176,FFFF96,FFF20F,FFFCE0
2025-05-01 02:41:20,9,B75,A50,3530,FFE457,FFF43C,208,FFF483,FFFF19
2025-05-01 02:41:20,9,C13,A83,35C1,FFE57A,FFF52D,2E0,FFF554,FFFF75
2025-05-01 02:41:20,9,C1F,A81,35B7,FFE582,FFF541,2EF,FFF578,FFFF7C
2025-05-01 02:41:20,9,C27,A8A,35B9,FFE587,FFF532,2DD,FFF56A,FFFF6A
2025-05-01 02:41:20,9,C42,A70,35BA,FFE596,FFF539,2E7,FFF56B,FFFF8D
2025-05-01 02:41:20,9,C47,A80,35BC,FFE597,FFF530,2F7,FFF568,FFFF9D
2025-05-01 02:41:20,9,C4F,A80,35B1,FFE59B,FFF524,2F3,FFF565,FFFF90
2025-05-01 02:41:20,9,C40,A77,35B0,FFE593,FFF515,2E5,FFF56C,FFFF6C
2025-05-01 02:41:20,9,C2A,A7D,35C0,FFE59A,FFF521,2E6,FFF564,FFFF73
2025-05-01 02:41:20,9,C29,A7C,35DC,FFE5A0,FFF526,2E9,FFF562,FFFF7F
2025-05-01 02:41:20,9,C2E,A85,35C1,FFE595,FFF531,2E3,FFF573,FFFF8F
2025-05-01 02:41:20,9,C3F,A92,35AC,FFE5AD,FFF52E,2ED,FFF57F,FFFF87
2025-05-01 02:41:20,9,C25,A88,35C4,FFE5AA,FFF51F,2D6,FFF56B,FFFF75
2025-05-01 02:41:20,9,C27,A88,35C5,FFE5A5,FFF525,2E9,FFF573,FFFF84
2025-05-01 02:41:20,9,C30,A81,35B8,FFE5AA,FFF53A,2DF,FFF561,FFFF83
2025-05-01 02:41:20,9,C26,A88,35DA,FFE5C1,FFF529,2E2,FFF56D,FFFF80
2025-05-01 02:41:20,9,C1D,A90,35C9,FFE5B4,FFF522,2D8,FFF563,FFFF8F
2025-05-01 02:41:20,9,C20,A8D,35C3,FFE599,FFF52B,2E3,FFF56F,FFFF8E
2025-05-01 02:41:20,9,C24,A92,35C6,FFE58C,FFF538,2F7,FFF577,FFFF95
2025-05-01 02:41:20,9,C31,A82,35D0,FFE5AD,FFF53E,2ED,FFF569,FFFF95
2025-05-01 02:41:20,9,C46,A8F,35C4,FFE5A2,FFF544,2D8,FFF56C,FFFF8B
2025-05-01 02:41:20,9,C3F,A85,35BC,FFE59F,FFF547,2EA,FFF571,FFFF93
2025-05-01 02:41:20,9,C2C,A7B,35BA,FFE59C,FFF531,2FB,FFF577,FFFF8B
2025-05-01 02:41:20,9,C2F,A8F,35B5,FFE5A0,FFF536,2FB,FFF573,FFFF8B
2025-05-01 02:41:20,9,C33,A97,35BF,FFE59D,FFF53A,305,FFF570,FFFF9D
2025-05-01 02:41:20,9,C46,A8A,35D3,FFE5A0,FFF529,2FE,FFF567,FFFF95
2025-05-01 02:41:20,9,C45,A78,35CD,FFE5AA,FFF53C,2EF,FFF572,FFFFBA
2025-05-01 02:41:20,9,C34,A8F,35D6,FFE5B5,FFF54F,2F5,FFF564,FFFFB3
2025-05-01 02:41:20,9,C34,A90,35D5,FFE599,FFF53A,2F1,FFF570,FFFF95
2025-05-01 02:41:20,9,C42,A94,35E4,FFE5B9,FFF552,305,FFF589,FFFFA2
2025-05-01 02:41:20,9,CC0,B2A,367D,FFE6B0,FFF6E9,45D,FFF639,FFFFEB
2025-05-01 02:41:20,9,DD1,C74,37B0,FFE820,FFF9AA,6A0,FFF7B4,AD
2025-05-01 02:41:20,9,EEF,DA1,3946,FFE9AD,FFFC89,92D,FFF94E,153
2025-05-01 02:41:20,9,101D,EC0,3AB8,FFEB3E,FFFFB9,BA0,FFFADB,234
2025-05-01 02:41:20,9,1178,1002,3C4D,FFED2D,2F7,E6B,FFFCAC,305
2025-05-01 02:41:20,9,12BE,1166,3DF0,FFEF0B,634,1117,FFFE3D,3C5
2025-05-01 02:41:20,9,140D,127A,3F56,FFF0C4,960,13AD,FFFFE1,4AF
2025-05-01 02:41:20,9,1540,13CD,4115,FFF290,CA3,1670,19E,597
2025-05-01 02:41:20,9,1665,14FB,4293,FFF473,FAD,1919,364,66A
2025-05-01 02:41:20,9,1796,162E,441C,FFF612,12B4,1BA5,4E1,725
2025-05-01 02:41:20,9,18D0,1741,4578,FFF778,159B,1E10,666,7DB
2025-05-01 02:41:20,9,19FB,1866,46E5,FFF903,186C,2047,7C8,89C
2025-05-01 02:41:20,9,1AE3,1973,481D,FFFA7A,1AEE,224D,91B,93C
2025-05-01 02:41:20,9,1BA8,1A60,493C,FFFBD5,1D3C,2443,A59,9C0
2025-05-01 02:41:20,9,1C7E,1B22,4A1A,FFFCDC,1F31,25D3,B83,A31
2025-05-01 02:41:20,9,1D5B,1BCA,4B1F,FFFDD8,2105,277D,C56,AD3
2025-05-01 02:41:20,9,1DF5,1C92,4BD0,FFFEAA,2256,28B3,D1E,B43
2025-05-01 02:41:20,9,1E6D,1CBA,4C2D,FFFF3C,236C,2993,DAD,B96
2025-05-01 02:41:20,9,1EA7,1CD1,4C87,FFFF66,2416,2A26,DF8,B86
2025-05-01 02:41:20,9,1EB0,1CF0,4C9D,FFFF8E,2455,2A36,E02,B7D
2025-05-01 02:41:20,9,1EC0,1CF2,4C98,FFFF89,2475,2A36,E0D,B94
2025-05-01 02:41:20,9,1EB0,1CD5,4C61,FFFF61,241B,2A13,DE7,B94
2025-05-01 02:41:20,9,1E5B,1CBE,4C1B,FFFF0F,2315,295E,DAF,B8E
2025-05-01 02:41:20,9,1DE4,1C6C,4B97,FFFE80,21FA,2872,D10,B2D
2025-05-01 02:41:20,9,1D2C,1B8E,4ABF,FFFDB6,208D,2709,C25,AC1
2025-05-01 02:41:20,9,1C4B,1AE4,49DF,FFFCBC,1EC4,2574,B4B,A4A
2025-05-01 02:41:20,9,1BA1,1A14,48E6,FFFB9C,1CB2,23EB,A09,9D1
2025-05-01 02:41:20,9,1AB5,1944,47E4,FFFA20,1A60,21D7,8CD,939
2025-05-01 02:41:20,9,19C2,1813,4689,FFF8A7,17BC,1FD4,785,86E
2025-05-01 02:41:20,9,189B,16F4,450C,FFF73F,150C,1D7B,600,7B5
2025-05-01 02:41:20,9,179B,15E4,43C0,FFF5E3,1212,1B13,494,70B
2025-05-01 02:41:20,9,1648,14AD,4235,FFF40A,EFE,1861,2EA,645
2025-05-01 02:41:20,9,1517,1387,40A0,FFF22A,BE3,15CA,12A,55E
2025-05-01 02:41:20,9,13CC,1226,3EF8,FFF066,8A5,1315,FFFF88,477
2025-05-01 02:41:20,9,127F,1115,3D87,FFEEC2,576,107D,FFFDF2,39E
2025-05-01 02:41:20,9,1139,FA2,3BBC,FFECD2,21F,DC1,FFFC50,2BF
2025-05-01 02:41:20,9,FF8,E89,3A4B,FFEAF1,FFFEF6,AFC,FFFA9B,1FE
2025-05-01 02:41:20,9,EC8,D5A,38D4,FFE938,FFFBF7,891,FFF8F3,130
2025-05-01 02:41:20,9,DA3,C29,3775,FFE7BB,FFF8F6,617,FFF757,6D
2025-05-01 02:41:20,9,CA6,B03,3650,FFE668,FFF656,404,FFF606,FFFFA1
2025-05-01 02:41:20,9,C2C,A94,35D5,FFE5CD,FFF550,2F8,FFF578,FFFF65
2025-05-01 02:41:20,9,C23,A8E,35CE,FFE5AA,FFF53C,2D9,FFF564,FFFF82
2025-05-01 02:41:20,9,C3B,A8E,35CB,FFE59E,FFF53B,2E9,FFF583,FFFF8E
2025-05-01 02:41:20,9,C4A,A9D,35BF,FFE5A5,FFF539,2FB,FFF573,FFFFA1
2025-05-01 02:41:20,9,C45,A99,35D7,FFE5A5,FFF533,2EA,FFF56E,FFFFAC
2025-05-01 02:41:20,9,C4D,A9D,35C3,FFE5A5,FFF530,2F1,FFF57A,FFFF93
2025-05-01 02:41:20,9,C32,A84,35CA,FFE5A3,FFF51D,2E6,FFF577,FFFF8E
2025-05-01 02:41:20,9,C2B,A85,35C3,FFE599,FFF534,2EA,FFF57D,FFFFAF
2025-05-01 02:41:20,9,C2D,A77,35BB,FFE5A5,FFF53E,2F1,FFF564,FFFF91
2025-05-01 02:41:20,9,C10,A86,35AD,FFE5AF,FFF53E,2FE,FFF575,FFFF8A
2025-05-01 02:41:20,9,C15,A91,35AF,FFE5AF,FFF546,2EA,FFF586,FFFF90
2025-05-01 02:41:20,9,C26,A76,35C5,FFE5C1,FFF535,2E0,FFF579,FFFF8C
2025-05-01 02:41:20,9,C3A,A97,35D4,FFE5B5,FFF529,2F2,FFF589,FFFF95
2025-05-01 02:41:20,9,C38,AA4,35DA,FFE5A5,FFF525,2DC,FFF585,FFFFC1
2025-05-01 02:41:20,9,C39,A9D,35C0,FFE5B8,FFF539,2F7,FFF587,FFFFC3
2025-05-01 02:41:20,9,C36,A8F,35D8,FFE5AA,FFF543,2EF,FFF57C,FFFFBB
2025-05-01 02:41:20,9,C20,A9B,35C8,FFE5B2,FFF52A,2D8,FFF573,FFFF9F
2025-05-01 02:41:20,9,C43,A7C,35C6,FFE5BF,FFF522,2E6,FFF570,FFFFAC
2025-05-01 02:41:20,9,C3D,A79,35D8,FFE5A6,FFF526,2D6,FFF56E,FFFF94
2025-05-01 02:41:20,9,C34,A9B,35CC,FFE59E,FFF533,2C4,FFF56B,FFFF8C
2025-05-01 02:41:20,9,C16,A95,35C6,FFE5A8,FFF525,2C7,FFF56D,FFFF9B
2025-05-01 02:41:20,9,C1D,A9B,35C4,FFE5A6,FFF521,2CA,FFF55F,FFFF9E
2025-05-01 02:41:20,9,C23,A8F,35BB,FFE5B8,FFF535,2E0,FFF572,FFFF91
2025-05-01 02:41:20,9,C1B,A9B,35AF,FFE5B2,FFF543,2EF,FFF591,FFFF9D
2025-05-01 02:41:20,9,C30,A99,35CE,FFE5A1,FFF53A,2E7,FFF572,FFFF89
2025-05-01 02:41:20,9,C39,A85,35C1,FFE5A8,FFF537,2E8,FFF568,FFFF8A
2025-05-01 02:41:20,9,C37,A6C,35B3,FFE5B5,FFF528,2DA,FFF56D,FFFF9E
2025-05-01 02:41:20,9,C33,A89,35B0,FFE5B3,FFF536,2E3,FFF569,FFFFAB
2025-05-01 02:41:20,9,C1D,A9B,35B9,FFE5A7,FFF519,2DB,FFF55C,FFFF96
2025-05-01 02:41:20,9,C33,A9D,35C5,FFE59F,FFF527,2E8,FFF562,FFFF9D
2025-05-01 02:41:20,9,C3C,A91,35B5,FFE5A8,FFF52F,2F3,FFF563,FFFFA5
2025-05-01 02:41:20,9,C35,A90,35B7,FFE5A2,FFF53E,2DE,FFF55E,FFFF88
2025-05-01 02:41:20,9,C34,A8C,35BA,FFE593,FFF529,2D7,FFF567,FFFF86
2025-05-01 02:41:20,9,C59,A76,35C3,FFE5B5,FFF533,2F3,FFF574,FFFFA1
2025-05-01 02:41:20,9,C45,A68,35BE,FFE5A9,FFF543,2FD,FFF573,FFFF96
2025-05-01 02:41:20,9,C3D,A86,35C7,FFE5B3,FFF541,301,FFF574,FFFF8A
2025-05-01 02:41:20,9,C33,A92,35D1,FFE58F,FFF525,2FD,FFF56F,FFFF84
2025-05-01 02:41:20,9,C39,A86,35D6,FFE5A1,FFF52D,2E3,FFF56F,FFFF87
2025-05-01 02:41:20,9,C37,A90,35D6,FFE5B6,FFF53E,2E7,FFF578,FFFFB3
2025-05-01 02:41:20,9,C43,AB8,35D8,FFE5AC,FFF536,30B,FFF572,FFFFCE
2025-05-01 02:41:20,9,C49,A8D,35CD,FFE5A2,FFF539,2FB,FFF567,FFFFAF
2025-05-01 02:41:20,9,C3F,A80,35D0,FFE5B2,FFF540,2FF,FFF56C,FFFF9E
2025-05-01 02:41:20,9,C45,A8A,35C6,FFE5C1,FFF545,300,FFF577,FFFFB3
2025-05-01 02:41:20,9,C3C,A86,35DF,FFE5AB,FFF53B,30B,FFF575,FFFFB0
2025-05-01 02:41:20,9,C47,A90,35D6,FFE5D0,FFF53A,311,FFF590,FFFFA4
2025-05-01 02:41:20,9,C35,A97,35CE,FFE5C1,FFF528,2F0,FFF562,FFFF91
2025-05-01 02:41:20,9,C24,A97,35D2,FFE5A6,FFF51E,2D5,FFF54B,FFFFA7
2025-05-01 02:41:20,9,C28,A8A,35D6,FFE59F,FFF532,2E8,FFF56D,FFFFB0
2025-05-01 02:41:20,9,C36,A86,35E8,FFE5A8,FFF542,2EA,FFF57E,FFFFA3
2025-05-01 02:41:20,9,C40,A79,35E8,FFE5B4,FFF533,2F8,FFF57F,FFFFAA
2025-05-01 02:41:20,9,C2F,A92,35DC,FFE58F,FFF53C,2E4,FFF55E,FFFFA7
2025-05-01 02:41:20,9,C30,A8B,35DB,FFE594,FFF534,2DB,FFF586,FFFF9A
2025-05-01 02:41:20,9,C32,A95,35D0,FFE59D,FFF52D,2E0,FFF590,FFFF86
2025-05-01 02:41:20,9,C23,A8B,35CE,FFE5A8,FFF532,2E6,FFF58B,FFFFB3
2025-05-01 02:41:20,9,C2C,A92,35D8,FFE5A6,FFF531,2F1,FFF567,FFFFAD
2025-05-01 02:41:21,9,C31,AA1,35ED,FFE5A1,FFF526,2DD,FFF55F,FFFF94
2025-05-01 02:41:21,9,C31,A97,35DB,FFE5AD,FFF525,2EA,FFF568,FFFF93
2025-05-01 02:41:21,9,C29,A9A,35D5,FFE5A3,FFF52A,2D9,FFF584,FFFF8A
2025-05-01 02:41:21,9,C2F,A97,35E1,FFE59F,FFF52C,2D9,FFF577,FFFF8B
2025-05-01 02:41:21,9,CE2,B35,3672,FFE640,FFF5E9,3A5,FFF63B,16
2025-05-01 02:41:21,9,E0C,C60,37EE,FFE777,FFF743,51D,FFF7BE,FD
2025-05-01 02:41:21,9,F44,D65,399C,FFE8DF,FFF8DB,699,FFF930,1BC
2025-05-01 02:41:21,9,106B,E93,3B55,FFEA3A,FFFA82,83C,FFFAC5,2BF
2025-05-01 02:41:21,9,11A7,FA3,3D08,FFEB87,FFFC3C,9F2,FFFC8A,398
2025-05-01 02:41:21,9,12BA,10AC,3E75,FFECBA,FFFD92,B32,FFFDDB,469
2025-05-01 02:41:21,9,13AC,116E,3FBA,FFEDF3,FFFEB9,C51,FFFEEE,524
2025-05-01 02:41:21,9,148C,1252,40D6,FFEEAB,FFFF98,D58,FFFFDE,5CC
2025-05-01 02:41:21,9,151F,12DC,4197,FFEF4F,40,E09,9E,64B
2025-05-01 02:41:21,9,1584,12FD,41DB,FFEFC9,BD,E71,114,686
2025-05-01 02:41:21,9,1562,12F4,41DD,FFEF9E,A2,E4F,FD,65E
2025-05-01 02:41:21,9,14EF,12DE,417E,FFEF24,30,DDA,7B,638
2025-05-01 02:41:21,9,144A,120D,408C,FFEE97,FFFF73,D1D,FFFFC3,5B1
2025-05-01 02:41:21,9,1362,114C,3F61,FFEDA7,FFFE58,C10,FFFEB6,4FF
2025-05-01 02:41:21,9,1292,1076,3E27,FFEC6C,FFFD37,AD5,FFFD89,43E
2025-05-01 02:41:21,9,115B,F5C,3C9F,FFEB2C,FFFBD0,96A,FFFC22,367
2025-05-01 02:41:21,9,101D,E36,3AE6,FFE9D5,FFFA0B,7AF,FFFA64,289
2025-05-01 02:41:21,9,EE4,D34,3939,FFE87F,FFF883,62B,FFF8E3,197
2025-05-01 02:41:21,9,DA4,C40,37A4,FFE729,FFF711,4CB,FFF762,AA
2025-05-01 02:41:21,9,C9D,B0D,364F,FFE610,FFF5C2,379,FFF5FD,FFFFF9
2025-05-01 02:41:21,9,C4A,A88,35C7,FFE5A6,FFF543,2E5,FFF57F,FFFFA0
2025-05-01 02:41:21,9,C42,A8F,35D3,FFE5AA,FFF541,2DD,FFF590,FFFFA5
2025-05-01 02:41:21,9,C2C,A8B,35EB,FFE5A5,FFF52D,2DD,FFF581,FFFFB4
2025-05-01 02:41:21,9,C22,A91,35D0,FFE5A6,FFF533,2D7,FFF577,FFFFA4
2025-05-01 02:41:21,9,C1F,A8C,35B2,FFE5B7,FFF546,2E2,FFF584,FFFFA3
2025-05-01 02:41:21,9,C2E,A83,35BC,FFE5A9,FFF546,2F8,FFF584,FFFFB4
2025-05-01 02:41:21,9,C32,A8A,35D3,FFE5A1,FFF532,301,FFF57E,FFFFBD
2025-05-01 02:41:21,9,C42,A86,35CF,FFE5AB,FFF52C,2DA,FFF581,FFFF91
2025-05-01 02:41:21,9,C3B,A8D,35BC,FFE5AA,FFF534,2E3,FFF595,FFFF8E
2025-05-01 02:41:21,9,C3B,A86,35D6,FFE59A,FFF536,2DB,FFF58A,FFFF9B
2025-05-01 02:41:21,9,C4A,A75,35D7,FFE5AF,FFF53F,2E9,FFF583,FFFF89
2025-05-01 02:41:21,9,C46,A86,35C1,FFE5A5,FFF542,2F6,FFF589,FFFF74
2025-05-01 02:41:21,9,C43,A85,35AF,FFE59E,FFF538,2F1,FFF57F,FFFF95
2025-05-01 02:41:21,9,C50,A73,35B7,FFE59D,FFF52E,2DE,FFF580,FFFF98
2025-05-01 02:41:21,9,C45,A76,35CB,FFE598,FFF522,2E0,FFF582,FFFFAC
2025-05-01 02:41:21,9,C33,A8F,35C9,FFE58F,FFF51D,2ED,FFF57E,FFFFC2
2025-05-01 02:41:21,9,C40,A90,35D5,FFE599,FFF531,2F3,FFF57F,FFFFB3
2025-05-01 02:41:21,9,C31,A7F,35CE,FFE597,FFF528,2E2,FFF578,FFFFA2
2025-05-01 02:41:21,9,BD6,A46,3564,FFE5A3,FFF4E4,2CC,FFF537,FFFFAF
2025-05-01 02:41:21,9,9F7,8F8,3395,FFE4CF,FFF2FF,1A3,FFF327,FFFF62
2025-05-01 02:41:21,9,60B,4A7,2F8D,FFE1F4,FFEF6D,FFFD77,FFEF6E,FFFE3A
2025-05-01 02:41:21,9,216,54,2B8A,FFE024,FFED8A,FFF98D,FFEBBB,FFFE68
2025-05-01 02:41:21,9,139,FFFF83,2AC7,FFE409,FFF477,FFFC8F,FFEAFC,23B
2025-05-01 02:41:21,9,80F,5AF,3187,FFEE43,681,A5F,FFF2D7,87E
2025-05-01 02:41:21,9,1593,1075,3EE7,FFFA5D,1EDB,2287,455,DF5
2025-05-01 02:41:21,9,2835,1F6B,51A5,646,35D6,3D5D,1B4A,125D
2025-05-01 02:41:21,9,3CFB,2EC1,6689,F17,4C10,5A7C,34D8,153E
2025-05-01 02:41:21,9,5118,3DC6,7A8D,EA1,570A,6FF2,4D4D,1305
2025-05-01 02:41:21,9,5C69,4624,85C9,FFFE7B,48B2,6E8F,56D5,740
2025-05-01 02:41:21,9,582D,42E8,818D,FFE19E,23D9,58D1,4C7F,FFF41D
2025-05-01 02:41:21,9,4978,37D6,72C1,FFBD14,FFF856,3ABC,3886,FFDF1D
2025-05-01 02:41:21,9,3664,29B9,5FA3,FF9A20,FFCE68,1AEB,1F53,FFCCE5
2025-05-01 02:41:21,9,21F6,1AD2,4B4A,FF89CD,FFB73E,FFFFA0,649,FFC498
2025-05-01 02:41:21,9,1187,ED0,3AD8,FF916E,FFB9FE,FFEE9C,FFF602,FFCBEF
2025-05-01 02:41:21,9,998,8B7,32FF,FFA712,FFC9BD,FFEBF0,FFEEA9,FFDAFF
2025-05-01 02:41:21,9,5F6,529,2F7C,FFBDEE,FFDB46,FFF0A9,FFECD5,FFE995
2025-05-01 02:41:21,9,5DC,458,2F4C,FFD05E,FFE79F,FFF802,FFEDA2,FFF46E
2025-05-01 02:41:21,9,819,722,31B4,FFDC1D,FFEEF1,FFFD88,FFF063,FFFAA7
2025-05-01 02:41:21,9,ADF,9B0,3469,FFE2BF,FFF324,108,FFF384,FFFE67
2025-05-01 02:41:21,9,C12,A81,358A,FFE565,FFF4F6,2A9,FFF53D,FFFF98
2025-05-01 02:41:21,9,C40,AA0,35BA,FFE5BC,FFF51F,2FC,FFF587,FFFFA7
2025-05-01 02:41:21,9,C53,A9A,35C9,FFE5A2,FFF524,2F7,FFF575,FFFF9C
2025-05-01 02:41:21,9,C42,A7B,35C4,FFE5A9,FFF52B,2F6,FFF581,FFFF95
2025-05-01 02:41:21,9,C4D,A80,35C3,FFE5A4,FFF52D,2EA,FFF572,FFFF75
2025-05-01 02:41:21,9,C4B,A9F,35D9,FFE5B2,FFF532,2E5,FFF589,FFFF84
2025-05-01 02:41:21,9,C52,A89,35DA,FFE5A8,FFF528,2E2,FFF577,FFFFAA
2025-05-01 02:41:21,9,C54,A83,35C8,FFE5A0,FFF527,2EA,FFF576,FFFFA9
2025-05-01 02:41:21,9,C4B,A9E,35D9,FFE5AF,FFF52C,2F6,FFF55E,FFFF95
2025-05-01 02:41:21,9,C4C,AA1,35D3,FFE59E,FFF52B,2F8,FFF561,FFFF87
2025-05-01 02:41:21,9,C41,A80,35CF,FFE597,FFF520,2EF,FFF562,FFFF82
2025-05-01 02:41:21,9,C2F,A8A,35D8,FFE58F,FFF522,2F8,FFF572,FFFF96
2025-05-01 02:41:21,9,C3A,A97,35D8,FFE5A5,FFF524,2FF,FFF573,FFFFCA
2025-05-01 02:41:21,9,C48,A8D,35DD,FFE5B9,FFF53B,2F7,FFF581,FFFFC0
2025-05-01 02:41:21,9,C43,A9A,35D2,FFE5B2,FFF52D,2FF,FFF573,FFFFAC
2025-05-01 02:41:21,9,C48,A7E,35CF,FFE5A1,FFF532,2E5,FFF55F,FFFFC0
2025-05-01 02:41:21,9,C61,A74,35BF,FFE5A3,FFF526,300,FFF578,FFFFB5
2025-05-01 02:41:21,9,C40,A89,35C6,FFE5AB,FFF520,2FC,FFF581,FFFFA4
2025-05-01 02:41:21,9,C25,A7D,35CF,FFE585,FFF510,2F3,FFF573,FFFF9B
2025-05-01 02:41:21,9,C1F,A95,35C2,FFE58D,FFF51A,2F7,FFF57B,FFFF91
2025-05-01 02:41:21,9,C1F,A8A,35CD,FFE593,FFF51B,2F6,FFF587,FFFFAE
2025-05-01 02:41:21,9,C13,A90,35CB,FFE5A6,FFF52B,2F6,FFF576,FFFF99
2025-05-01 02:41:21,9,C25,A8C,35C7,FFE5AC,FFF539,2F9,FFF57D,FFFF95
2025-05-01 02:41:21,9,C32,A81,35B6,FFE59E,FFF527,300,FFF578,FFFF86
2025-05-01 02:41:21,9,C52,A7B,35BC,FFE5A2,FFF52B,2FC,FFF570,FFFF77
2025-05-01 02:41:21,9,C4C,A70,35CA,FFE5A0,FFF520,2EF,FFF572,FFFF9C
2025-05-01 02:41:21,9,C3E,A88,35CE,FFE5A3,FFF52C,2EB,FFF57A,FFFFB3
2025-05-01 02:41:21,9,C2D,A7C,35C7,FFE5B5,FFF527,2F7,FFF58B,FFFF9C
2025-05-01 02:41:21,9,C38,A85,35CD,FFE5A9,FFF521,2FB,FFF574,FFFF91
2025-05-01 02:41:21,9,C68,AB8,360C,FFE610,FFF5C6,390,FFF5C1,FFFFA5
2025-05-01 02:41:21,9,D3B,BD4,3717,FFE753,FFF81D,58D,FFF6FC,33
2025-05-01 02:41:21,9,E5E,D0F,3881,FFE8D1,FFFB19,7F1,FFF886,FE
2025-05-01 02:41:21,9,F9D,E4B,3A02,FFEA71,FFFE1F,A65,FFFA19,1C8
2025-05-01 02:41:21,9,10DE,F51,3B68,FFEC59,15F,D0F,FFFBCC,2A7
2025-05-01 02:41:21,9,1228,10CD,3D34,FFEE33,495,FEB,FFFD75,38D
2025-05-01 02:41:21,9,136B,1201,3EB8,FFEFDF,7C1,1274,FFFF05,450
2025-05-01 02:41:21,9,14BC,1327,4027,FFF1B4,B03,152F,C6,53A
2025-05-01 02:41:21,9,15F7,1460,41CC,FFF37B,E41,17CD,271,610
2025-05-01 02:41:21,9,171F,1596,4363,FFF555,112D,1A56,40A,6CD
2025-05-01 02:41:21,9,185A,16B1,44C6,FFF6E1,142C,1CDE,58D,775
2025-05-01 02:41:21,9,1979,17E7,463E,FFF84C,1703,1F37,715,82F
2025-05-01 02:41:21,9,1A81,18FC,4782,FFF9C4,19B3,216C,878,8F7
2025-05-01 02:41:21,9,1B6F,19DD,48AB,FFFB2F,1C16,2379,9B8,99B
2025-05-01 02:41:21,9,1C26,1AB4,49B5,FFFC7D,1E31,251D,AE2,A04
2025-05-01 02:41:21,9,1D02,1B51,4A92,FFFD74,2010,2699,BCA,A87
2025-05-01 02:41:21,9,1DA5,1C32,4B8B,FFFE58,21A1,2818,C9E,B0A
2025-05-01 02:41:21,9,1E31,1CBC,4C23,FFFF0D,22E0,2925,D67,B7D
2025-05-01 02:41:21,9,1EA8,1CDB,4C86,FFFF7C,23D5,29F0,DDC,B7F
2025-05-01 02:41:21,9,1EC1,1CE7,4C94,FFFFAB,2458,2A36,E16,B84
2025-05-01 02:41:21,9,1ED5,1CF1,4C8E,FFFFBC,2456,2A44,E17,B8B
2025-05-01 02:41:21,9,1EB8,1CEB,4C98,FFFF87,2441,2A25,E09,B8C
2025-05-01 02:41:21,9,1EA3,1CBE,4C41,FFFF52,2396,29CA,DC4,B8C
2025-05-01 02:41:21,9,1E1A,1CA0,4BF4,FFFED6,227D,28FA,D32,B65
2025-05-01 02:41:21,9,1D7E,1BF6,4B49,FFFE0D,214E,27DC,C7B,AF1
2025-05-01 02:41:21,9,1CC3,1B2F,4A55,FFFD24,1FAB,2651,BA6,A73
2025-05-01 02:41:21,9,1BEF,1A90,498A,FFFC33,1DA7,24CB,A97,9F9
2025-05-01 02:41:21,9,1B34,19AC,4872,FFFAE6,1B75,230C,976,972
2025-05-01 02:41:21,9,1A2F,18C0,473D,FFF979,191F,20EC,82B,8CF
2025-05-01 02:41:21,9,192E,17AB,45D8,FFF801,166D,1EAD,6B6,803
2025-05-01 02:41:21,9,180A,168A,447C,FFF688,1387,1C48,547,758
2025-05-01 02:41:21,9,16D8,155D,431B,FFF4E6,1089,19B2,3CE,6B6
2025-05-01 02:41:21,9,15AA,141F,417F,FFF321,D8C,171F,218,5E6
2025-05-01 02:41:21,9,146F,12DD,3FD8,FFF136,A3B,1463,62,4FB
2025-05-01 02:41:21,9,1321,11BE,3E66,FFEF78,6FD,11B6,FFFEB0,411
2025-05-01 02:41:21,9,11D8,1084,3CCC,FFEDC8,3CD,F29,FFFD14,33D
2025-05-01 02:41:21,9,10A2,F13,3B16,FFEBDB,8C,C79,FFFB7B,281
2025-05-01 02:41:21,9,F66,E00,39B1,FFEA09,FFFD64,9F0,FFF9D7,1AA
2025-05-01 02:41:21,9,E2C,CC5,382E,FFE871,FFFA70,75C,FFF823,D8
2025-05-01 02:41:21,9,D28,B8C,36D2,FFE725,FFF788,4FA,FFF68F,23
2025-05-01 02:41:21,9,C59,A90,35E5,FFE607,FFF58F,348,FFF59D,FFFFAA
2025-05-01 02:41:21,9,C45,A74,35D7,FFE5AA,FFF536,2F4,FFF57D,FFFF99
2025-05-01 02:41:21,9,C56,A91,35C9,FFE5A0,FFF523,2ED,FFF578,FFFF97
2025-05-01 02:41:21,9,C52,A99,35B9,FFE5B9,FFF525,2DF,FFF57A,FFFFA6
2025-05-01 02:41:21,9,C4C,A9A,35C9,FFE5AB,FFF513,2E7,FFF587,FFFFB7
2025-05-01 02:41:21,9,C49,A8F,35DA,FFE5B5,FFF520,305,FFF587,FFFFA4
2025-05-01 02:41:21,9,C40,A99,35D7,FFE5AD,FFF516,2F9,FFF578,FFFF9A
2025-05-01 02:41:21,9,C42,A92,35BD,FFE5A4,FFF52B,2F8,FFF577,FFFFB1
2025-05-01 02:41:21,9,C3E,A93,35C9,FFE59D,FFF52A,2EE,FFF582,FFFFA4
2025-05-01 02:41:21,9,C34,A9E,35D0,FFE592,FFF52A,2EF,FFF579,FFFF9F
2025-05-01 02:41:21,9,C3A,A90,35CD,FFE592,FFF52D,2F6,FFF57C,FFFFA1
2025-05-01 02:41:21,9,C38,A7E,35C3,FFE5AD,FFF53B,2F1,FFF575,FFFFB7
2025-05-01 02:41:21,9,C4B,A79,35BA,FFE5A7,FFF526,2F7,FFF575,FFFFAD
2025-05-01 02:41:21,9,C5E,A90,35BA,FFE5A3,FFF52B,2EF,FFF58B,FFFFAD
2025-05-01 02:41:21,9,C41,A88,35CE,FFE596,FFF534,2E8,FFF57E,FFFFAA
2025-05-01 02:41:21,9,C3C,A77,35E0,FFE5A7,FFF532,309,FFF582,FFFFAA
2025-05-01 02:41:21,9,C38,A6A,35CE,FFE5AB,FFF531,2FA,FFF582,FFFF9A
2025-05-01 02:41:21,9,C37,A88,35E1,FFE5A3,FFF531,2DE,FFF582,FFFF8B
2025-05-01 02:41:21,9,C3D,A92,35CE,FFE5AB,FFF527,2F1,FFF580,FFFFCC
2025-05-01 02:41:21,9,C42,A8B,35C8,FFE5A5,FFF528,2FC,FFF57C,FFFFCD
2025-05-01 02:41:21,9,C55,A89,35D6,FFE59A,FFF52A,2EB,FFF56E,FFFFAE
2025-05-01 02:41:21,9,C5D,A84,35DC,FFE5A1,FFF53C,2EA,FFF56F,FFFFA2
2025-05-01 02:41:21,9,C4F,A77,35C0,FFE5AB,FFF537,2EE,FFF572,FFFFA5
2025-05-01 02:41:21,9,C57,A88,35D5,FFE5A3,FFF52A,2F9,FFF574,FFFF91
2025-05-01 02:41:21,9,C54,A8A,35D2,FFE5A8,FFF522,2F2,FFF566,FFFF7F
2025-05-01 02:41:21,9,C40,A84,35DA,FFE5BD,FFF518,2F1,FFF564,FFFF8D
2025-05-01 02:41:21,9,C3E,A82,35DC,FFE5B8,FFF525,2EE,FFF56D,FFFF8B
2025-05-01 02:41:21,9,C37,AA1,35DD,FFE5BE,FFF52C,2EF,FFF56A,FFFF89
2025-05-01 02:41:21,9,C38,A89,35D0,FFE5B0,FFF532,2ED,FFF563,FFFF7E
2025-05-01 02:41:21,9,C2A,A7E,35C3,FFE5AB,FFF522,2EF,FFF55A,FFFF7E
2025-05-01 02:41:21,9,C2C,A81,35C1,FFE5A5,FFF51F,2F7,FFF563,FFFFAE
2025-05-01 02:41:21,9,C3B,A80,35D5,FFE5C3,FFF526,2EF,FFF56A,FFFFC3
2025-05-01 02:41:21,9,C39,A95,35CA,FFE5A3,FFF519,2F2,FFF55A,FFFFA0
2025-05-01 02:41:21,9,C3A,AA3,35D2,FFE5AE,FFF536,2EC,FFF573,FFFF95
2025-05-01 02:41:21,9,C36,A9B,35CB,FFE5B5,FFF524,2EA,FFF561,FFFF8F
2025-05-01 02:41:21,9,C39,A85,35B4,FFE5C8,FFF518,2F8,FFF571,FFFF90
2025-05-01 02:41:21,9,C39,A8D,35AE,FFE5BA,FFF52E,2E5,FFF55E,FFFF85
2025-05-01 02:41:21,9,C39,A81,35C1,FFE5A1,FFF52C,303,FFF56C,FFFF9B
2025-05-01 02:41:21,9,C45,A7E,35CD,FFE598,FFF537,2F9,FFF57A,FFFF9B
2025-05-01 02:41:21,9,C46,A7E,35D6,FFE5B6,FFF541,2EF,FFF568,FFFFA9
2025-05-01 02:41:21,9,C2E,A7C,35E0,FFE59F,FFF523,2F7,FFF562,FFFF8C
2025-05-01 02:41:21,9,C2C,A74,35E7,FFE59E,FFF52A,2FB,FFF580,FFFF96
2025-05-01 02:41:21,9,C36,A85,35DE,FFE5A8,FFF541,2F3,FFF588,FFFF86
2025-05-01 02:41:21,9,C38,A8D,35E1,FFE596,FFF53C,2F3,FFF57D,FFFFA7
2025-05-01 02:41:21,9,C3D,A74,35D8,FFE5AD,FFF523,2FE,FFF56B,FFFFA2
2025-05-01 02:41:21,9,C30,A8D,35DA,FFE5B0,FFF527,2D2,FFF55C,FFFFA3
2025-05-01 02:41:21,9,C34,A99,35E3,FFE5AB,FFF52C,2DD,FFF570,FFFFA4
2025-05-01 02:41:21,9,C31,A97,35CA,FFE5A6,FFF524,2E9,FFF56B,FFFF8B
2025-05-01 02:41:21,9,C39,A99,35DA,FFE59B,FFF52C,2CE,FFF566,FFFF73
2025-05-01 02:41:21,9,C3E,A95,35D2,FFE5A9,FFF547,2F3,FFF573,FFFFB1
2025-05-01 02:41:21,9,C35,A99,35DB,FFE5AE,FFF544,2F1,FFF586,FFFFAA
2025-05-01 02:41:21,9,C30,A93,35CE,FFE5AE,FFF534,2DE,FFF587,FFFF92
2025-05-01 02:41:21,9,C30,A87,35DA,FFE5A8,FFF531,2E5,FFF57B,FFFF8C
2025-05-01 02:41:21,9,C2E,A8F,35CC,FFE5A0,FFF51E,2E7,FFF568,FFFF7F
2025-05-01 02:41:21,9,C29,A90,35CD,FFE5B9,FFF52F,2F9,FFF57A,FFFF7F
2025-05-01 02:41:21,9,C31,A6F,35E1,FFE5B7,FFF52A,306,FFF57A,FFFFBE
2025-05-01 02:41:21,9,C38,A6B,35EA,FFE59E,FFF51D,2E5,FFF56A,FFFFA7
2025-05-01 02:41:21,9,C31,A8F,35E9,FFE59F,FFF539,2DD,FFF557,FFFFA9
2025-05-01 02:41:21,9,C44,A96,35E4,FFE5BF,FFF541,2EF,FFF568,FFFFAF
2025-05-01 02:41:21,9,C91,AD0,361E,FFE5E3,FFF58D,333,FFF5BE,FFFFDA
2025-05-01 02:41:21,9,D87,BD0,3747,FFE6DF,FFF6CB,46D,FFF6EC,B5
2025-05-01 02:41:21,9,EA9,CE2,38DD,FFE82F,FFF825,605,FFF85C,165
2025-05-01 02:41:21,9,FE0,DE5,3A8F,FFE989,FFF999,775,FFF9F0,256
2025-05-01 02:41:21,9,111A,F05,3C47,FFEAF6,FFFB5F,928,FFFBAB,333
2025-05-01 02:41:21,9,1245,1019,3DD2,FFEC25,FFFCEE,A99,FFFD25,414
2025-05-01 02:41:21,9,1344,110A,3F31,FFED6B,FFFE14,BCD,FFFE6A,4DF
2025-05-01 02:41:21,9,143F,11CA,404C,FFEE64,FFFF44,CFE,FFFFA0,575
2025-05-01 02:41:21,9,14EB,12AA,4140,FFEEF3,0F,DC9,4C,611
2025-05-01 02:41:21,9,1564,12E4,41B3,FFEF85,92,E59,D5,658
2025-05-01 02:41:21,9,15A7,12F5,4206,FFEFD3,DA,EB1,132,681
2025-05-01 02:41:21,9,1554,12D9,41AE,FFEF79,6A,E43,B3,650
2025-05-01 02:41:21,9,14B7,127E,4107,FFEECE,FFFFD5,D8A,14,5E9
2025-05-01 02:41:21,9,1401,119C,3FE6,FFEE2F,FFFEFB,CB3,FFFF43,544
2025-05-01 02:41:21,9,1327,10F8,3ED7,FFED10,FFFDDF,B75,FFFE1D,4B4
2025-05-01 02:41:21,9,1217,FED,3D5F,FFEBD4,FFFCAE,A53,FFFCE5,3CE
2025-05-01 02:41:21,9,10DA,ED3,3BE5,FFEA94,FFFADE,8BB,FFFB34,2FB
2025-05-01 02:41:21,9,F9E,DA9,3A32,FFE953,FFF93B,723,FFF9A8,204
2025-05-01 02:41:21,9,E5E,CB6,387A,FFE7E0,FFF7D1,592,FFF80E,134
2025-05-01 02:41:21,9,D37,B84,36D4,FFE69A,FFF657,412,FFF68A,61
2025-05-01 02:41:21,9,C63,AA1,35E6,FFE5C8,FFF558,31F,FFF593,FFFFC4
2025-05-01 02:41:21,9,C4D,A88,35CF,FFE5AD,FFF541,306,FFF579,FFFF92
2025-05-01 02:41:21,9,C28,A86,35CE,FFE595,FFF542,2F7,FFF57C,FFFFAF
2025-05-01 02:41:21,9,C3A,A96,35C8,FFE59E,FFF54B,2FB,FFF577,FFFF9A
2025-05-01 02:41:21,9,C41,A9E,35D5,FFE5AD,FFF552,2FC,FFF578,FFFF87
2025-05-01 02:41:21,9,C3F,A9C,35D4,FFE5B2,FFF54F,30A,FFF580,FFFF8C
2025-05-01 02:41:21,9,C42,A91,35CE,FFE5AA,FFF53E,303,FFF581,FFFF9C
2025-05-01 02:41:21,9,C50,AA1,35DC,FFE5BF,FFF55C,30E,FFF579,FFFFA5
2025-05-01 02:41:21,9,C47,A9C,35DC,FFE5B6,FFF559,30D,FFF57D,FFFFA2
2025-05-01 02:41:21,9,C45,A97,35C4,FFE5AE,FFF533,303,FFF58D,FFFFA1
2025-05-01 02:41:21,9,C4F,A8C,35D0,FFE5BA,FFF54B,2F7,FFF579,FFFF89
2025-05-01 02:41:21,9,C4D,A83,35E1,FFE5C0,FFF558,311,FFF57B,FFFF80
2025-05-01 02:41:21,9,C43,A8F,35DF,FFE5A7,FFF54A,308,FFF573,FFFF7D
2025-05-01 02:41:21,9,C4A,A8F,35BE,FFE59B,FFF548,2FE,FFF568,FFFF75
2025-05-01 02:41:21,9,C47,A8A,35CE,FFE59C,FFF544,30A,FFF572,FFFF8B
2025-05-01 02:41:21,9,C51,A8B,35D2,FFE5A8,FFF543,30B,FFF585,FFFF7F
2025-05-01 02:41:21,9,C45,A94,35DC,FFE5A4,FFF545,300,FFF578,FFFF87
2025-05-01 02:41:21,9,C3B,A92,35DD,FFE596,FFF549,30C,FFF587,FFFFAE
2025-05-01 02:41:21,9,C33,A80,35B9,FFE5A6,FFF53B,315,FFF574,FFFFA4
2025-05-01 02:41:21,9,B41,A02,34D1,FFE573,FFF457,2A4,FFF47A,FFFF82
2025-05-01 02:41:21,9,82E,740,31E8,FFE36C,FFF174,01,FFF154,FFFEB2
2025-05-01 02:41:21,9,3E6,243,2D6F,FFE0A3,FFEDF3,FFFB2E,FFED69,FFFDEF
2025-05-01 02:41:21,9,CB,FFFF33,2A6F,FFE119,FFEFB1,FFFA04,FFEA6E,FFFFB6
2025-05-01 02:41:21,9,36E,1C2,2D11,FFE898,FFFC2B,1FF,FFED98,536
2025-05-01 02:41:21,9,E03,A98,3779,FFF423,12AA,1596,FFFA29,B5D
2025-05-01 02:41:21,9,1E3D,1792,47B7,63,2A55,2FB1,F3D,1037
2025-05-01 02:41:21,9,3266,270D,5BDC,B24,4133,4BDA,273A,141B
2025-05-01 02:41:21,9,476F,3679,70D8,10C8,5428,6752,41AE,152D
2025-05-01 02:41:21,9,5888,433B,81EA,8A1,53A9,72D8,5490,E66
2025-05-01 02:41:21,9,5C39,45E6,8596,FFF1AD,3869,6584,53D5,FFFE78
2025-05-01 02:41:21,9,51F5,3DEA,7B2A,FFD03B,EB9,4ADB,4333,FFE98E
2025-05-01 02:41:21,9,404F,30ED,697E,FFAAAF,FFE2EF,2AEE,2CF9,FFD58D
2025-05-01 02:41:21,9,2C69,2262,55B3,FF8EEA,FFBFA1,CD6,1214,FFC6BF
2025-05-01 02:41:21,9,18B0,1428,421B,FF8B06,FFB63F,FFF56B,FFFD1A,FFC65E
2025-05-01 02:41:21,9,CCE,B46,3640,FF9B4B,FFC11D,FFEC18,FFF172,FFD31C
2025-05-01 02:41:21,9,75C,6C8,30F0,FFB2CE,FFD2D4,FFEDB6,FFED65,FFE25B
2025-05-01 02:41:21,9,59B,44B,2F25,FFC7EA,FFE25E,FFF463,FFED00,FFEFB0
2025-05-01 02:41:21,9,6B5,557,303C,FFD70E,FFEBF7,FFFB2E,FFEEE6,FFF7D1
2025-05-01 02:41:21,9,9BF,8B3,332B,FFE004,FFF195,FFFFB6,FFF214,FFFCE8
2025-05-01 02:41:21,9,BC5,A45,3523,FFE483,FFF46D,24F,FFF488,FFFF48
2025-05-01 02:41:21,9,C30,A73,35B7,FFE597,FFF545,314,FFF578,FFFF96
2025-05-01 02:41:21,9,C2A,A79,35B8,FFE5AA,FFF550,321,FFF58A,FFFF9F
2025-05-01 02:41:21,9,C43,A79,35C6,FFE5B1,FFF559,31C,FFF574,FFFFA2
2025-05-01 02:41:21,9,C51,A6C,35C5,FFE5BF,FFF559,31B,FFF586,FFFFA5
2025-05-01 02:41:21,9,C4D,A79,35C3,FFE5B0,FFF543,30F,FFF58D,FFFF90
2025-05-01 02:41:21,9,C58,A94,35CB,FFE5AA,FFF55B,321,FFF586,FFFFB6
2025-05-01 02:41:21,9,C3E,A81,35EB,FFE5A1,FFF568,325,FFF582,FFFF9E
2025-05-01 02:41:21,9,C3A,A8D,35F8,FFE5B9,FFF561,305,FFF57F,FFFF78
2025-05-01 02:41:21,9,C39,A83,35E7,FFE5A5,FFF539,315,FFF57D,FFFF78
2025-05-01 02:41:22,9,C43,A8C,35E2,FFE599,FFF540,321,FFF56C,FFFF89
2025-05-01 02:41:22,9,C50,A94,35E5,FFE59F,FFF543,316,FFF56B,FFFF92
2025-05-01 02:41:22,9,C53,A87,35E1,FFE59F,FFF56A,315,FFF563,FFFFA3
2025-05-01 02:41:22,9,C3B,A88,35C8,FFE59E,FFF55E,30D,FFF57D,FFFF98
2025-05-01 02:41:22,9,C48,A8A,35C6,FFE59A,FFF567,307,FFF586,FFFF95
2025-05-01 02:41:22,9,C47,A98,35E2,FFE59A,FFF559,315,FFF580,FFFF90
2025-05-01 02:41:22,9,C4D,A7B,35CF,FFE5AC,FFF567,333,FFF578,FFFF7C
2025-05-01 02:41:22,9,C4D,A7E,35D2,FFE5BE,FFF55B,341,FFF582,FFFF8F
2025-05-01 02:41:22,9,C5C,A7B,35D9,FFE5C6,FFF578,335,FFF58E,FFFF8B
2025-05-01 02:41:22,9,C59,A8D,35DF,FFE5B3,FFF576,32D,FFF590,FFFF92
2025-05-01 02:41:22,9,C49,AA8,35D7,FFE5AD,FFF56F,31A,FFF57C,FFFF8C
2025-05-01 02:41:22,9,C38,A85,35BE,FFE5BB,FFF573,32A,FFF57F,FFFF7F
2025-05-01 02:41:22,9,C36,A81,35C6,FFE5C5,FFF561,337,FFF56D,FFFF7F
2025-05-01 02:41:22,9,C43,A90,35D1,FFE5BC,FFF55E,333,FFF56B,FFFFAC
2025-05-01 02:41:22,9,C39,A87,35E1,FFE5B7,FFF553,332,FFF55D,FFFFA3
2025-05-01 02:41:22,9,C46,A85,35ED,FFE5B9,FFF54E,328,FFF56D,FFFF89
2025-05-01 02:41:22,9,C58,AA4,35E5,FFE5C2,FFF559,341,FFF58C,FFFF91
2025-05-01 02:41:22,9,C52,AA0,35E7,FFE5AE,FFF55F,344,FFF57F,FFFF77
2025-05-01 02:41:22,9,C3D,A9C,35E6,FFE5A3,FFF576,330,FFF588,FFFF88
2025-05-01 02:41:22,9,C47,AA0,35E6,FFE5C9,FFF59F,367,FFF593,FFFFA2
2025-05-01 02:41:22,9,CDC,B2D,3669,FFE6AD,FFF713,4B5,FFF63B,FFFFF1
2025-05-01 02:41:22,9,DEE,C5E,37BD,FFE816,FFF9E6,707,FFF7A8,AE
2025-05-01 02:41:22,9,F01,D9B,3945,FFE9B1,FFFCD7,98B,FFF95E,170
2025-05-01 02:41:22,9,1045,EC3,3ABB,FFEB66,FFFFF3,C01,FFFAFA,23B
2025-05-01 02:41:22,9,1183,1011,3C51,FFED45,32B,EC8,FFFCAC,306
2025-05-01 02:41:22,9,12DE,1166,3E06,FFEF2F,680,1174,FFFE3D,3D0
2025-05-01 02:41:22,9,141A,1281,3F69,FFF0F4,99D,13F6,FFFFE4,4C0
2025-05-01 02:41:22,9,1558,13C8,4117,FFF2AD,CF3,16AE,197,58C
2025-05-01 02:41:22,9,168D,14F4,429C,FFF47B,FEC,1951,34E,65F
2025-05-01 02:41:22,9,17C3,1611,4417,FFF63F,1303,1BF4,4E3,738
2025-05-01 02:41:22,9,18DE,1749,4581,FFF78B,15F0,1E4D,662,7D9
2025-05-01 02:41:22,9,19FB,1863,46E9,FFF90D,18A3,2085,7D8,886
2025-05-01 02:41:22,9,1AF6,197B,4820,FFFA86,1B10,22AA,933,935
2025-05-01 02:41:22,9,1BBE,1A6B,4935,FFFBE2,1D52,249B,A5F,9D2
2025-05-01 02:41:22,9,1C7C,1B20,4A27,FFFCF2,1F5F,2629,B85,A55
2025-05-01 02:41:22,9,1D5A,1BBD,4B0D,FFFDE5,211F,27C3,C53,AD9
2025-05-01 02:41:22,9,1DEA,1C81,4BDB,FFFEA5,2261,28EC,D28,B4A
2025-05-01 02:41:22,9,1E8B,1CBA,4C52,FFFF50,238E,29D6,DBF,B84
2025-05-01 02:41:22,9,1EC1,1CCA,4C8B,FFFF98,2469,2A59,E0A,B84
2025-05-01 02:41:22,9,1ECD,1CE5,4CB4,FFFF9F,2489,2A60,E11,B92
2025-05-01 02:41:22,9,1EB7,1CD9,4CA7,FFFF9F,247F,2A68,E15,B9C
2025-05-01 02:41:22,9,1EBC,1CBA,4C81,FFFFA1,243F,2A3D,E19,BA0
2025-05-01 02:41:22,9,1E5D,1CBF,4C3C,FFFF2F,2344,2986,DA5,B8B
2025-05-01 02:41:22,9,1DCD,1C76,4BCB,FFFE84,2230,289F,CFC,B2F
2025-05-01 02:41:22,9,1D50,1B9F,4ADE,FFFDC1,20E3,2750,C2F,ACD
2025-05-01 02:41:22,9,1C70,1AE5,49FD,FFFCC9,1F08,25B5,B4D,A3B
2025-05-01 02:41:22,9,1BB1,1A20,48F6,FFFBBA,1CE6,242A,A16,9A5
2025-05-01 02:41:22,9,1AD0,1940,47DC,FFFA46,1A7F,2228,8D8,90C
2025-05-01 02:41:22,9,19D1,1839,469F,FFF8D3,17F6,200A,77F,85D
2025-05-01 02:41:22,9,189F,1708,4539,FFF755,153F,1DAC,60C,7BE
2025-05-01 02:41:22,9,1799,15EB,43D4,FFF5D7,1244,1B1A,496,713
2025-05-01 02:41:22,9,1663,14B2,4250,FFF422,F26,18A9,2FB,63C
2025-05-01 02:41:22,9,151B,1379,40B3,FFF24E,C17,1617,141,56A
2025-05-01 02:41:22,9,13CD,123F,3F1D,FFF06E,8D7,1341,FFFF98,48B
2025-05-01 02:41:22,9,12A3,111E,3DB0,FFEEB3,59D,10AA,FFFDF1,3A8
2025-05-01 02:41:22,9,113C,F9D,3BED,FFECE0,25F,DF0,FFFC5C,2C1
2025-05-01 02:41:22,9,FF6,E80,3A6C,FFEB0E,FFFF27,B5C,FFFAA7,212
2025-05-01 02:41:22,9,ED3,D53,38F3,FFE959,FFFC29,8E1,FFF8FB,162
2025-05-01 02:41:22,9,DBE,C35,3788,FFE7D6,FFF929,667,FFF74B,73
2025-05-01 02:41:22,9,CAB,AF9,364F,FFE66B,FFF688,436,FFF605,FFFFE0
2025-05-01 02:41:22,9,C3E,A7F,35E8,FFE5C9,FFF56C,32D,FFF58C,FFFFAB
2025-05-01 02:41:22,9,C55,A74,35DA,FFE5BC,FFF563,317,FFF592,FFFF8B
2025-05-01 02:41:22,9,C40,A93,35D8,FFE5AB,FFF55C,30F,FFF576,FFFF92
2025-05-01 02:41:22,9,C3D,A94,35EA,FFE5B2,FFF569,30F,FFF573,FFFF8F
2025-05-01 02:41:22,9,C39,A7A,35E4,FFE5A6,FFF555,320,FFF57F,FFFF8A
2025-05-01 02:41:22,9,C39,A7B,35D9,FFE5CB,FFF547,32D,FFF575,FFFFA7
2025-05-01 02:41:22,9,C47,A79,35CB,FFE5B4,FFF548,31E,FFF564,FFFF97
2025-05-01 02:41:22,9,C37,A8A,35D7,FFE593,FFF546,318,FFF563,FFFF91
2025-05-01 02:41:22,9,C40,A85,35F1,FFE5AA,FFF558,31E,FFF566,FFFF9F
2025-05-01 02:41:22,9,C54,A83,35E9,FFE5C0,FFF55C,326,FFF575,FFFF90
2025-05-01 02:41:22,9,C65,A7D,35D8,FFE5C6,FFF555,31F,FFF581,FFFF89
2025-05-01 02:41:22,9,C5E,A8F,35E9,FFE5B2,FFF549,314,FFF578,FFFF9D
2025-05-01 02:41:22,9,C4F,A8E,35E3,FFE5C1,FFF552,314,FFF577,FFFFAB
2025-05-01 02:41:22,9,C4B,A89,35CE,FFE5B7,FFF557,313,FFF570,FFFFA4
2025-05-01 02:41:22,9,C55,A85,35D0,FFE5A5,FFF575,323,FFF57D,FFFFAE
2025-05-01 02:41:22,9,C54,A83,35E3,FFE5B4,FFF569,321,FFF578,FFFF9F
2025-05-01 02:41:22,9,C3D,A74,35CD,FFE5B5,FFF568,317,FFF570,FFFF8F
2025-05-01 02:41:22,9,C4A,A91,35C9,FFE5B4,FFF572,315,FFF583,FFFFA3
2025-05-01 02:41:22,9,C43,A92,35CF,FFE5A7,FFF54A,2FE,FFF56B,FFFF98
2025-05-01 02:41:22,9,C47,A80,35DE,FFE59E,FFF552,323,FFF577,FFFFA2
2025-05-01 02:41:22,9,C5E,A77,35C3,FFE5AA,FFF56B,335,FFF56E,FFFFAA
2025-05-01 02:41:22,9,C5B,A85,35CE,FFE5C8,FFF552,314,FFF562,FFFF8F
2025-05-01 02:41:22,9,C59,A94,35DF,FFE5B7,FFF561,30F,FFF57D,FFFF8E
2025-05-01 02:41:22,9,C76,A7B,35D2,FFE5B3,FFF557,31A,FFF587,FFFF7F
2025-05-01 02:41:22,9,C72,A81,35C8,FFE5C6,FFF556,314,FFF58B,FFFFAC
2025-05-01 02:41:22,9,C68,A7F,35AC,FFE5C8,FFF54C,310,FFF57E,FFFFA9
2025-05-01 02:41:22,9,C57,A84,35BA,FFE5BE,FFF554,309,FFF570,FFFF88
2025-05-01 02:41:22,9,C5E,A77,35D7,FFE5BC,FFF54D,31A,FFF575,FFFF9B
2025-05-01 02:41:22,9,C46,A87,35DC,FFE5B4,FFF54A,308,FFF55C,FFFF98
2025-05-01 02:41:22,9,C3D,A7E,35E7,FFE5AA,FFF540,308,FFF582,FFFF92
2025-05-01 02:41:22,9,C31,A76,35DE,FFE5B0,FFF548,316,FFF593,FFFF93
2025-05-01 02:41:22,9,C52,A74,35C3,FFE5AF,FFF53D,307,FFF591,FFFF9D
2025-05-01 02:41:22,9,C52,A7D,35B5,FFE5AB,FFF53B,319,FFF57F,FFFF81
2025-05-01 02:41:22,9,C3B,A80,35C2,FFE5AF,FFF53E,31B,FFF576,FFFF8C
2025-05-01 02:41:22,9,C58,A71,35D1,FFE5D0,FFF543,31A,FFF57A,FFFF90
2025-05-01 02:41:22,9,C4F,A8B,35D7,FFE5B9,FFF54D,323,FFF578,FFFF7D
2025-05-01 02:41:22,9,C4D,A99,35C7,FFE5BB,FFF550,30C,FFF56F,FFFF80
2025-05-01 02:41:22,9,C4F,A92,35CE,FFE5CC,FFF545,30E,FFF570,FFFF7F
2025-05-01 02:41:22,9,C2F,A8F,35DF,FFE5CA,FFF530,306,FFF576,FFFF7C
2025-05-01 02:41:22,9,C56,A94,35CE,FFE5AA,FFF54A,31B,FFF57A,FFFF84
2025-05-01 02:41:22,9,C59,A93,35D7,FFE5B2,FFF553,30B,FFF581,FFFF8A
2025-05-01 02:41:22,9,C45,A8B,35D3,FFE5BF,FFF53F,322,FFF577,FFFF98
2025-05-01 02:41:22,9,C31,A8A,35BC,FFE5BD,FFF554,328,FFF57B,FFFF8C
2025-05-01 02:41:22,9,C39,A86,35C6,FFE5A6,FFF559,31F,FFF57D,FFFF83
2025-05-01 02:41:22,9,C56,A81,35C6,FFE5B4,FFF568,315,FFF572,FFFF94
2025-05-01 02:41:22,9,C3D,A99,35BF,FFE5A5,FFF55C,324,FFF573,FFFF8C
2025-05-01 02:41:22,9,C44,A8B,35CA,FFE5B9,FFF54D,341,FFF582,FFFF8C
2025-05-01 02:41:22,9,C4B,A8C,35D1,FFE5C1,FFF55D,32A,FFF579,FFFFA3
2025-05-01 02:41:22,9,C4E,A95,35D2,FFE5B2,FFF54F,31B,FFF577,FFFF98
2025-05-01 02:41:22,9,C49,A8A,35D5,FFE5AF,FFF56A,328,FFF586,FFFF96
2025-05-01 02:41:22,9,C57,A8B,35C9,FFE5C5,FFF56D,337,FFF573,FFFF97
2025-05-01 02:41:22,9,C40,A74,35C2,FFE5B0,FFF581,335,FFF572,FFFF83
2025-05-01 02:41:22,9,C42,A88,35CD,FFE5C0,FFF55F,335,FFF56F,FFFF93
2025-05-01 02:41:22,9,C33,A8D,35C6,FFE5BA,FFF54B,338,FFF574,FFFF9A
2025-05-01 02:41:22,9,C1F,A9A,35C6,FFE5AE,FFF54B,333,FFF575,FFFF90
2025-05-01 02:41:22,9,C34,A88,35CD,FFE5B9,FFF55F,335,FFF586,FFFF81
2025-05-01 02:41:22,9,C40,A7C,35CB,FFE5B9,FFF554,323,FFF571,FFFF78
2025-05-01 02:41:22,9,C32,A80,35C3,FFE5AD,FFF557,334,FFF57F,FFFF84
2025-05-01 02:41:22,9,C4D,A7E,35CE,FFE5BD,FFF57B,34E,FFF574,FFFFBB
2025-05-01 02:41:22,9,CE5,B25,365F,FFE64E,FFF62E,3E5,FFF62A,1A
2025-05-01 02:41:22,9,E1E,C5F,37E9,FFE78A,FFF79A,549,FFF79F,CC
2025-05-01 02:41:22,9,F46,D61,3990,FFE8EF,FFF902,6C9,FFF920,1B7
2025-05-01 02:41:22,9,107A,E89,3B4D,FFEA44,FFFA8E,855,FFFAC0,29F
2025-05-01 02:41:22,9,11A4,FA2,3CF7,FFEB8C,FFFC5F,A1F,FFFC76,37D
2025-05-01 02:41:22,9,12D2,10AF,3E7D,FFECC5,FFFDB6,B7C,FFFDBA,482
2025-05-01 02:41:22,9,13C7,1183,3FA8,FFEDFD,FFFED8,CBF,FFFEEE,524
2025-05-01 02:41:22,9,1496,124B,40C4,FFEEB3,FFFFA5,D9E,FFFFF7,5B8
2025-05-01 02:41:22,9,1520,12E3,4183,FFEF54,60,E32,A3,62B
2025-05-01 02:41:22,9,1592,12F1,41DE,FFEFC1,EE,EBF,102,667
2025-05-01 02:41:22,9,1591,12EC,41CC,FFEFC0,DA,EAC,10B,66F
2025-05-01 02:41:22,9,1506,12D2,415D,FFEF4C,45,E2E,7D,632
2025-05-01 02:41:22,9,147C,1207,407C,FFEE99,FFFFA7,D7E,FFFFC3,5A3
2025-05-01 02:41:22,9,13B0,112B,3F6E,FFEDC8,FFFEA8,C5A,FFFEC3,4FC
2025-05-01 02:41:22,9,12B0,1057,3E2C,FFEC83,FFFD73,B35,FFFDA7,44F
2025-05-01 02:41:22,9,1183,F5C,3CAC,FFEB5A,FFFC0A,9D0,FFFC37,358
2025-05-01 02:41:22,9,105A,E44,3AF2,FFEA04,FFFA46,807,FFFA73,294
2025-05-01 02:41:22,9,F1F,D38,394F,FFE8B0,FFF8CC,680,FFF8DB,195
2025-05-01 02:41:22,9,DD8,C16,37AB,FFE747,FFF747,509,FFF744,C0
2025-05-01 02:41:22,9,CC6,AF1,363E,FFE634,FFF5F8,3BF,FFF5FB,03
2025-05-01 02:41:22,9,C52,A88,35CB,FFE5C3,FFF568,338,FFF569,FFFF9B
2025-05-01 02:41:22,9,C54,A8B,35C3,FFE5C0,FFF57A,33F,FFF576,FFFF91
2025-05-01 02:41:22,9,C4D,A8C,35C6,FFE5CB,FFF572,332,FFF57C,FFFF90
2025-05-01 02:41:22,9,C3E,A7A,35CA,FFE5D0,FFF55E,31D,FFF567,FFFF76
2025-05-01 02:41:22,9,C5A,A76,35C1,FFE5C6,FFF556,32B,FFF566,FFFF72
2025-05-01 02:41:22,9,C5E,A71,35C3,FFE5B3,FFF559,323,FFF55C,FFFF9A
2025-05-01 02:41:22,9,C52,A7C,35CD,FFE5B7,FFF55F,32D,FFF56E,FFFF89
2025-05-01 02:41:22,9,C54,A81,35C3,FFE5C4,FFF568,33E,FFF577,FFFF9F
2025-05-01 02:41:22,9,C4F,A7B,35BE,FFE5C7,FFF566,335,FFF574,FFFF91
2025-05-01 02:41:22,9,C2A,A75,35B7,FFE5C1,FFF562,332,FFF559,FFFF89
2025-05-01 02:41:22,9,C1F,A73,35B0,FFE5CE,FFF566,314,FFF568,FFFF93
2025-05-01 02:41:22,9,C41,A6D,35CD,FFE5B2,FFF564,31C,FFF591,FFFF94
2025-05-01 02:41:22,9,C4E,A69,35C6,FFE5AF,FFF555,33A,FFF581,FFFF9A
2025-05-01 02:41:22,9,C40,A7E,35BE,FFE5C5,FFF559,335,FFF582,FFFF91
2025-05-01 02:41:22,9,C57,A85,35C4,FFE5C5,FFF568,338,FFF57A,FFFF89
2025-05-01 02:41:22,9,C52,A68,35BE,FFE5C0,FFF566,333,FFF571,FFFF7B
2025-05-01 02:41:22,9,C43,A6B,35BE,FFE5B6,FFF56B,32C,FFF567,FFFFA8
2025-05-01 02:41:22,9,C3D,A7E,35BA,FFE5C1,FFF54D,315,FFF552,FFFFB7
2025-05-01 02:41:22,9,BD9,A51,3558,FFE5AB,FFF4E4,301,FFF511,FFFFAD
2025-05-01 02:41:22,9,9FA,904,339B,FFE4D6,FFF322,1E2,FFF32C,FFFF63
2025-05-01 02:41:22,9,61B,4D2,2FAD,FFE212,FFEF92,FFFDAC,FFEF6A,FFFE33
2025-05-01 02:41:22,9,223,59,2B97,FFE042,FFEDA9,FFF9D5,FFEB99,FFFE58
2025-05-01 02:41:22,9,131,FFFF69,2AB0,FFE418,FFF48D,FFFCD6,FFEAF0,233
2025-05-01 02:41:22,9,7F2,596,3179,FFEE34,691,A5E,FFF284,87B
2025-05-01 02:41:22,9,1553,1061,3ECE,FFFA32,1ECB,2254,3DC,DE2
2025-05-01 02:41:22,9,27EA,1F35,518A,613,35A6,3D2A,1AD6,124B
2025-05-01 02:41:22,9,3CBB,2E7A,6636,F05,4BF4,5A61,3468,1527
2025-05-01 02:41:22,9,50F1,3D9D,7A52,EEA,5741,7016,4CFD,1318
2025-05-01 02:41:22,9,5C60,4604,85C5,FFFEF7,4937,6EED,56C0,777
2025-05-01 02:41:22,9,585D,42E3,81AD,FFE238,24A0,596E,4CBB,FFF46E
2025-05-01 02:41:22,9,49BF,37EC,72E1,FFBDB2,FFF91C,3B60,38D9,FFDF70
2025-05-01 02:41:22,9,36BE,29F1,5FDB,FF9A8E,FFCF2A,1B83,1FC0,FFCD1D
2025-05-01 02:41:22,9,2234,1AFA,4B72,FF89E8,FFB795,1F,67E,FFC484
2025-05-01 02:41:22,9,11B5,EFA,3B02,FF9144,FFBA14,FFEEEA,FFF60E,FFCBBA
2025-05-01 02:41:22,9,9B2,8BC,3317,FFA6DF,FFC9C1,FFEC2C,FFEE9F,FFDACE
2025-05-01 02:41:22,9,60A,516,2F88,FFBDCB,FFDB39,FFF0BA,FFECB9,FFE95F
2025-05-01 02:41:22,9,5D1,443,2F39,FFD040,FFE7D0,FFF816,FFEDA2,FFF42B
2025-05-01 02:41:22,9,81A,733,31A6,FFDC07,FFEF32,FFFDB6,FFF069,FFFA91
2025-05-01 02:41:22,9,AE9,9CA,347A,FFE2D3,FFF366,149,FFF36B,FFFE55
2025-05-01 02:41:22,9,C04,A80,3593,FFE55F,FFF51F,2DE,FFF504,FFFF8F
2025-05-01 02:41:22,9,C2B,A97,35C4,FFE5A7,FFF572,319,FFF564,FFFF9B
2025-05-01 02:41:22,9,C31,A92,35CE,FFE5AA,FFF561,310,FFF569,FFFF8E
2025-05-01 02:41:22,9,C48,A87,35D3,FFE5BE,FFF584,319,FFF57D,FFFF87
2025-05-01 02:41:22,9,C4D,A94,35D2,FFE5BB,FFF586,340,FFF589,FFFF7C
2025-05-01 02:41:22,9,C59,A88,35CF,FFE5B2,FFF56D,339,FFF580,FFFF82
2025-05-01 02:41:22,9,C35,A88,35C8,FFE5A3,FFF55E,327,FFF57D,FFFF96
2025-05-01 02:41:22,9,C3D,A89,35C1,FFE5B9,FFF56C,32E,FFF587,FFFFAF
2025-05-01 02:41:22,9,C4C,A7D,35BA,FFE5CC,FFF587,32B,FFF596,FFFF99
2025-05-01 02:41:22,9,C43,A82,35CB,FFE5BA,FFF566,321,FFF587,FFFF75
2025-05-01 02:41:22,9,C43,A89,35C3,FFE5B5,FFF555,333,FFF585,FFFF6C
2025-05-01 02:41:22,9,C56,A89,35C9,FFE5C4,FFF55C,34C,FFF582,FFFFA9
2025-05-01 02:41:22,9,C61,A68,35AC,FFE5BE,FFF57B,345,FFF57B,FFFFB9
2025-05-01 02:41:22,9,C49,A67,35CB,FFE5C1,FFF56F,32D,FFF582,FFFFAC
2025-05-01 02:41:22,9,C40,A73,35AF,FFE5C5,FFF562,33F,FFF57B,FFFF9D
2025-05-01 02:41:22,9,C32,A7B,359A,FFE5B0,FFF55D,331,FFF577,FFFF8D
2025-05-01 02:41:22,9,C54,A87,35A6,FFE5C9,FFF57F,33D,FFF58C,FFFF9A
2025-05-01 02:41:22,9,C4D,A80,35D1,FFE5C3,FFF572,342,FFF579,FFFF92
2025-05-01 02:41:22,9,C47,A8C,35D6,FFE5C2,FFF565,33C,FFF581,FFFF96
2025-05-01 02:41:22,9,C2A,A8D,35E2,FFE5AA,FFF55C,330,FFF578,FFFF85
2025-05-01 02:41:22,9,C1F,A80,35DC,FFE5A7,FFF55F,335,FFF575,FFFF86
2025-05-01 02:41:22,9,C42,A85,35B0,FFE5C2,FFF574,340,FFF581,FFFF93
2025-05-01 02:41:22,9,C3B,A74,35B9,FFE5B9,FFF565,328,FFF590,FFFF91
2025-05-01 02:41:22,9,C4F,A77,35BC,FFE5AD,FFF566,33A,FFF591,FFFF8D
2025-05-01 02:41:22,9,C54,A8D,35C6,FFE5C3,FFF560,337,FFF590,FFFF9A
2025-05-01 02:41:22,9,C3D,A80,35CB,FFE5CF,FFF561,333,FFF57A,FFFF9D
2025-05-01 02:41:22,9,C42,A7F,35C3,FFE5CA,FFF56C,33C,FFF581,FFFF93
2025-05-01 02:41:22,9,C48,A78,35B3,FFE5BA,FFF56B,340,FFF57D,FFFF8B
2025-05-01 02:41:22,9,C3F,A84,35D3,FFE5B0,FFF56A,32D,FFF578,FFFF73
2025-05-01 02:41:22,9,C68,AC0,360C,FFE636,FFF605,3BC,FFF5C0,FFFF9C
2025-05-01 02:41:22,9,D5A,BB4,3724,FFE783,FFF85F,5B0,FFF6E0,3D
2025-05-01 02:41:22,9,E84,CEF,387F,FFE8E6,FFFB60,832,FFF879,FB
2025-05-01 02:41:22,9,FC0,E4A,3A04,FFEA79,FFFE42,AC5,FFFA1D,1D0
2025-05-01 02:41:22,9,10EE,F4A,3B6B,FFEC62,180,D62,FFFBC9,295
2025-05-01 02:41:22,9,122D,10C7,3D2B,FFEE43,4BE,1012,FFFD7C,364
2025-05-01 02:41:22,9,137A,11DD,3E9F,FFEFE3,7FB,12B5,FFFF1D,43F
2025-05-01 02:41:22,9,14B0,132A,402A,FFF1D1,B37,156B,C9,52B
2025-05-01 02:41:22,9,15E9,145E,41D4,FFF3A1,E6B,1820,27B,5F6
2025-05-01 02:41:22,9,174B,1596,436A,FFF577,1163,1A9E,416,6CD
2025-05-01 02:41:22,9,1878,16A8,44C4,FFF70F,146D,1D22,599,784
2025-05-01 02:41:22,9,1986,17C8,462E,FFF86A,173C,1F85,715,836
2025-05-01 02:41:22,9,1A8F,18FA,4768,FFF9FD,19D4,21A7,88B,904
2025-05-01 02:41:22,9,1B8E,19EF,4896,FFFB6A,1C36,23AD,9CA,98E
2025-05-01 02:41:22,9,1C38,1ACF,49AB,FFFC94,1E65,256B,AF1,9FE
2025-05-01 02:41:22,9,1CF5,1B56,4A93,FFFD76,2056,2700,BE9,A94
2025-05-01 02:41:22,9,1DA4,1C24,4B88,FFFE4C,21D3,2860,CAC,AED
2025-05-01 02:41:22,9,1E3B,1CA0,4C07,FFFF1A,2310,296E,D65,B67
2025-05-01 02:41:22,9,1EA3,1CA0,4C6C,FFFF8D,2413,2A1D,DE1,B78
2025-05-01 02:41:22,9,1ED0,1CC4,4C9E,FFFFAD,24A3,2A8C,E21,B7B
2025-05-01 02:41:22,9,1ED1,1CC9,4C99,FFFFC2,24A3,2A84,E14,B84
2025-05-01 02:41:22,9,1EC9,1CBE,4CAD,FFFF8A,2484,2A7E,E20,B72
2025-05-01 02:41:22,9,1EAB,1CA9,4C61,FFFF6B,23F4,2A16,DE0,B63
2025-05-01 02:41:22,9,1E36,1CA1,4C0A,FFFEFA,22E5,2956,D68,B49
2025-05-01 02:41:22,9,1DB3,1C07,4B4C,FFFE4F,21AD,282E,CA0,B03
2025-05-01 02:41:22,9,1CF6,1B37,4A57,FFFD5B,1FF8,26A0,BDA,A77
2025-05-01 02:41:22,9,1C14,1A87,497A,FFFC37,1DEE,2507,AC1,9E8
2025-05-01 02:41:22,9,1B56,19A5,4873,FFFB0A,1BBF,2343,990,964
2025-05-01 02:41:22,9,1A4F,18B6,4734,FFF991,196D,213C,843,8D9
2025-05-01 02:41:22,9,1942,177B,45D2,FFF81D,16CA,1F0D,6DF,811
2025-05-01 02:41:22,9,181F,1665,447B,FFF6AB,13D7,1C97,55A,75F
2025-05-01 02:41:22,9,1703,1556,4310,FFF50C,10C0,1A0A,3D4,68D
2025-05-01 02:41:22,9,15D3,1408,418B,FFF340,DD4,1789,224,5DD
2025-05-01 02:41:22,9,147B,12B3,3FDE,FFF183,AA1,14E3,73,50C
2025-05-01 02:41:22,9,132F,11AE,3E5C,FFEF8D,758,123C,FFFED1,420
2025-05-01 02:41:22,9,11E0,1077,3CC7,FFEDCD,418,F8A,FFFD3B,341
2025-05-01 02:41:22,9,108F,F02,3B27,FFEBFA,E6,CBF,FFFB87,259
2025-05-01 02:41:22,9,F5E,DF0,39C8,FFEA3A,FFFDBE,A3D,FFF9D3,19B
2025-05-01 02:41:22,9,E3C,CB5,3812,FFE8A5,FFFAD2,7C0,FFF839,E2
2025-05-01 02:41:22,9,D1F,B7F,36D1,FFE712,FFF7BE,540,FFF6B6,FFFFF7
2025-05-01 02:41:23,9,C66,AA1,35E9,FFE5F8,FFF5BD,382,FFF590,FFFF90
2025-05-01 02:41:23,9,C4A,A92,35C9,FFE5B4,FFF56D,331,FFF570,FFFF8B
2025-05-01 02:41:23,9,C52,A9B,35D6,FFE5C4,FFF575,33C,FFF572,FFFF87
2025-05-01 02:41:23,9,C4F,A9A,35D0,FFE5BA,FFF57B,344,FFF57D,FFFF98
2025-05-01 02:41:23,9,C4A,A72,35C7,FFE5AD,FFF57E,33E,FFF584,FFFF80
2025-05-01 02:41:23,9,C54,A72,35CE,FFE5B5,FFF578,331,FFF58D,FFFF75
2025-05-01 02:41:23,9,C53,A8B,35CD,FFE5AF,FFF550,32C,FFF57D,FFFF67
2025-05-01 02:41:23,9,C5B,A7D,35C6,FFE5D9,FFF57A,346,FFF588,FFFF73
2025-05-01 02:41:23,9,C54,A76,35C8,FFE5CA,FFF569,337,FFF57D,FFFFA0
2025-05-01 02:41:23,9,C54,A93,35DC,FFE5BC,FFF57B,343,FFF584,FFFF96
2025-05-01 02:41:23,9,C48,A77,35CE,FFE5C7,FFF573,33E,FFF570,FFFF95
2025-05-01 02:41:23,9,C44,A86,35D3,FFE5C5,FFF566,341,FFF57A,FFFF7F
2025-05-01 02:41:23,9,C4D,A86,35C8,FFE5BF,FFF55A,347,FFF57E,FFFF7E
2025-05-01 02:41:23,9,C4C,A84,35BE,FFE5C5,FFF56B,340,FFF586,FFFF90
2025-05-01 02:41:23,9,C55,A80,35C6,FFE5EE,FFF57D,347,FFF587,FFFFBB
2025-05-01 02:41:23,9,C49,A82,35CE,FFE5E2,FFF57A,333,FFF582,FFFF99
2025-05-01 02:41:23,9,C2E,A85,35B9,FFE5C5,FFF568,32D,FFF58A,FFFF7A
2025-05-01 02:41:23,9,C37,A90,35C4,FFE5C1,FFF557,31A,FFF590,FFFF7C
2025-05-01 02:41:23,9,C4C,A87,35CA,FFE5C5,FFF552,312,FFF584,FFFF76
2025-05-01 02:41:23,9,C5C,A88,35DD,FFE5C7,FFF56A,338,FFF58C,FFFF89
2025-05-01 02:41:23,9,C61,AA3,35ED,FFE5D6,FFF56C,335,FFF584,FFFFAD
2025-05-01 02:41:23,9,C3F,A8A,35E4,FFE5BA,FFF55C,323,FFF56E,FFFF96
2025-05-01 02:41:23,9,C4C,A84,35D3,FFE5C2,FFF57C,33A,FFF56D,FFFFA4
2025-05-01 02:41:23,9,C54,A90,35CF,FFE5C1,FFF56E,33D,FFF584,FFFF8B
2025-05-01 02:41:23,9,C42,A8C,35D6,FFE5BA,FFF576,330,FFF58E,FFFF8B
2025-05-01 02:41:23,9,C4A,A90,35C4,FFE5AB,FFF565,32B,FFF575,FFFF91
2025-05-01 02:41:23,9,C4D,A86,35E2,FFE5D0,FFF563,333,FFF579,FFFF9C
2025-05-01 02:41:23,9,C33,A7D,35CF,FFE5E1,FFF566,32A,FFF569,FFFF84
2025-05-01 02:41:23,9,C45,A80,35B4,FFE5E4,FFF572,33B,FFF55F,FFFF6C
2025-05-01 02:41:23,9,C4B,A95,35BF,FFE5DD,FFF577,335,FFF586,FFFF72
2025-05-01 02:41:23,9,C58,A9A,35CD,FFE5CC,FFF56C,31A,FFF580,FFFF9D
2025-05-01 02:41:23,9,C56,A8E,35D1,FFE5CC,FFF577,327,FFF58B,FFFFA9
2025-05-01 02:41:23,9,C51,A6D,35D5,FFE5C8,FFF57D,32E,FFF58E,FFFFA1
2025-05-01 02:41:23,9,C66,A7E,35C8,FFE5C9,FFF56B,32B,FFF580,FFFF98
2025-05-01 02:41:23,9,C59,A99,35CD,FFE5BB,FFF55D,32E,FFF578,FFFF89
2025-05-01 02:41:23,9,C71,A94,35C0,FFE5C4,FFF572,324,FFF578,FFFF7E
2025-05-01 02:41:23,9,C66,A99,35C1,FFE5CB,FFF570,32C,FFF580,FFFF77
2025-05-01 02:41:23,9,C3C,A8C,35DD,FFE5B9,FFF557,323,FFF562,FFFF7F
2025-05-01 02:41:23,9,C54,A7E,35D7,FFE5C7,FFF55E,329,FFF573,FFFF84
2025-05-01 02:41:23,9,C60,A85,35CD,FFE5D2,FFF56C,327,FFF57A,FFFF87
2025-05-01 02:41:23,9,C6B,A79,35B9,FFE5D5,FFF56A,337,FFF58A,FFFF74
2025-05-01 02:41:23,9,C43,A94,35B6,FFE5C9,FFF576,32E,FFF587,FFFF95
2025-05-01 02:41:23,9,C49,A8E,35C3,FFE5C7,FFF571,335,FFF577,FFFFB0
2025-05-01 02:41:23,9,C56,A99,35D2,FFE5B2,FFF564,336,FFF57C,FFFF9A
2025-05-01 02:41:23,9,C61,A82,35D3,FFE5C3,FFF568,338,FFF57C,FFFFB3
2025-05-01 02:41:23,9,C68,A8A,35C8,FFE5C3,FFF56D,335,FFF584,FFFFAC
2025-05-01 02:41:23,9,C56,A86,35AA,FFE5A9,FFF561,338,FFF584,FFFF97
2025-05-01 02:41:23,9,C5C,A8B,35D2,FFE5BC,FFF55B,344,FFF584,FFFF9C
2025-05-01 02:41:23,9,C67,A8A,35F0,FFE5AA,FFF572,333,FFF57F,FFFF9E
2025-05-01 02:41:23,9,C60,A82,35E9,FFE5AF,FFF565,328,FFF575,FFFF8B
2025-05-01 02:41:23,9,C40,A80,35E6,FFE5BF,FFF571,32B,FFF58C,FFFF7E
2025-05-01 02:41:23,9,C43,A8F,35C8,FFE5D0,FFF56A,337,FFF58A,FFFF7C
2025-05-01 02:41:23,9,C45,A7C,35CB,FFE5CF,FFF575,34C,FFF589,FFFF86
2025-05-01 02:41:23,9,C45,A84,35CD,FFE5CB,FFF575,337,FFF593,FFFF8D
2025-05-01 02:41:23,9,C5E,A7C,35CE,FFE5D3,FFF589,33F,FFF58E,FFFFB9
2025-05-01 02:41:23,9,C5C,A8B,35CF,FFE5D0,FFF587,33C,FFF586,FFFFA2
2025-05-01 02:41:23,9,C4C,A81,35CE,FFE5D9,FFF564,330,FFF58B,FFFF96
2025-05-01 02:41:23,9,C52,A87,35EE,FFE5BF,FFF57B,338,FFF581,FFFF93
2025-05-01 02:41:23,9,C4F,A9E,35EA,FFE5CD,FFF580,33A,FFF57A,FFFF9F
2025-05-01 02:41:23,9,C81,AD8,3618,FFE604,FFF5B8,364,FFF5BF,FFFFBA
2025-05-01 02:41:23,9,D93,BE8,372C,FFE6F9,FFF6EE,497,FFF6F3,75
2025-05-01 02:41:23,9,ED3,CFE,38D6,FFE841,FFF867,617,FFF873,13F
2025-05-01 02:41:23,9,FF9,DF8,3A79,FFE9A4,FFF9F0,7A1,FFF9F7,22A
2025-05-01 02:41:23,9,1135,F08,3C1F,FFEAEC,FFFBA7,95C,FFFBA4,30A
2025-05-01 02:41:23,9,1255,1009,3DBB,FFEC2E,FFFD32,ADB,FFFD39,3EB
2025-05-01 02:41:23,9,135E,10F7,3F1C,FFED56,FFFE62,C0D,FFFE62,4D6
2025-05-01 02:41:23,9,143D,11BD,4045,FFEE63,FFFF7F,D21,FFFF8F,559
2025-05-01 02:41:23,9,14E7,12AF,4145,FFEF1A,51,E0A,6C,5FB
2025-05-01 02:41:23,9,1580,12FA,41D0,FFEFB4,E7,E8B,E8,660
2025-05-01 02:41:23,9,15BB,1302,41E5,FFEFE4,13C,ED1,133,67B
2025-05-01 02:41:23,9,1550,12E8,41A4,FFEF89,C4,E66,D3,638
2025-05-01 02:41:23,9,14BD,1284,410E,FFEEEC,26,DCC,2B,5C9
2025-05-01 02:41:23,9,1402,1191,3FFA,FFEE4F,FFFF45,CE4,FFFF47,537
2025-05-01 02:41:23,9,1325,10D0,3EDB,FFED1B,FFFE1F,BC7,FFFE28,496
2025-05-01 02:41:23,9,1224,FE3,3D6B,FFEBFF,FFFCE9,A9D,FFFCF4,3BE
2025-05-01 02:41:23,9,10EF,ED9,3BD1,FFEAC2,FFFB53,900,FFFB47,2F5
2025-05-01 02:41:23,9,FA3,DB5,3A14,FFE954,FFF99C,753,FFF997,217
2025-05-01 02:41:23,9,E72,CB3,3876,FFE806,FFF81B,5D2,FFF81B,13B
2025-05-01 02:41:23,9,D42,B77,36DE,FFE6AF,FFF6AD,468,FFF6A4,5B
2025-05-01 02:41:23,9,C6C,A9E,35F1,FFE5DB,FFF5AF,356,FFF59C,FFFFB7
2025-05-01 02:41:23,9,C53,A98,35DC,FFE5C4,FFF57B,333,FFF57A,FFFF85
2025-05-01 02:41:23,9,C4A,A8B,35D3,FFE5C0,FFF575,334,FFF55A,FFFF83
2025-05-01 02:41:23,9,C55,A8D,35CE,FFE5DE,FFF57E,34D,FFF581,FFFF79
2025-05-01 02:41:23,9,C5C,A8D,35DC,FFE5D8,FFF587,363,FFF58F,FFFF89
2025-05-01 02:41:23,9,C4F,A85,35BF,FFE5BF,FFF578,34A,FFF57B,FFFF93
2025-05-01 02:41:23,9,C3B,A73,35BF,FFE5C1,FFF577,339,FFF573,FFFF89
2025-05-01 02:41:23,9,C3D,A8A,35D7,FFE5CF,FFF591,338,FFF571,FFFF88
2025-05-01 02:41:23,9,C54,A74,35DB,FFE5CE,FFF57E,33D,FFF573,FFFF60
2025-05-01 02:41:23,9,C59,A6D,35C7,FFE5C7,FFF579,341,FFF589,FFFF70
2025-05-01 02:41:23,9,C6B,A81,35D5,FFE5C5,FFF56F,341,FFF57A,FFFF91
2025-05-01 02:41:23,9,C54,A7D,35D4,FFE5BE,FFF582,33F,FFF564,FFFF91
2025-05-01 02:41:23,9,C55,A7E,35C9,FFE5C4,FFF593,32F,FFF55F,FFFF86
2025-05-01 02:41:23,9,C40,A90,35D4,FFE5D3,FFF589,328,FFF56C,FFFF78
2025-05-01 02:41:23,9,C4A,A86,35CF,FFE5C9,FFF588,33B,FFF578,FFFF72
2025-05-01 02:41:23,9,C5E,A88,35C4,FFE5C9,FFF583,33C,FFF56C,FFFF96
2025-05-01 02:41:23,9,C5E,A7E,35CE,FFE5BA,FFF569,34B,FFF56C,FFFF82
2025-05-01 02:41:23,9,C60,A79,35DE,FFE5C9,FFF57B,351,FFF57B,FFFF77
2025-05-01 02:41:23,9,C54,A70,35C5,FFE5CE,FFF56E,34E,FFF57B,FFFF84
2025-05-01 02:41:23,9,B65,9EB,34C7,FFE59B,FFF486,2F1,FFF497,FFFF63
2025-05-01 02:41:23,9,850,737,31F5,FFE39D,FFF198,59,FFF182,FFFEAA
2025-05-01 02:41:23,9,3EF,24B,2D8D,FFE0B7,FFEE18,FFFB7D,FFED99,FFFDDE
2025-05-01 02:41:23,9,F4,FFFF4D,2A91,FFE12A,FFEFD5,FFFA35,FFEA8C,FFFF81
2025-05-01 02:41:23,9,37E,1A2,2D05,FFE88C,FFFC17,21A,FFED9F,515
2025-05-01 02:41:23,9,DF9,A6B,3758,FFF41D,128F,158C,FFF9FC,B3B
2025-05-01 02:41:23,9,1E33,1759,476E,68,2A62,2F81,F0C,1020
2025-05-01 02:41:23,9,3241,26D3,5BAF,B44,413F,4BB9,271C,13FE
2025-05-01 02:41:23,9,4739,3646,70A1,10D9,5441,6746,4183,1529
2025-05-01 02:41:23,9,5877,4310,81C7,8B4,5413,7311,546B,E68
2025-05-01 02:41:23,9,5C65,45EB,8599,FFF226,391B,6604,53E4,FFFEB1
2025-05-01 02:41:23,9,5217,3E0A,7B44,FFD0E1,F6C,4B62,434C,FFE9D6
2025-05-01 02:41:23,9,408C,310B,69BA,FFAB41,FFE39E,2B6C,2D32,FFD5C1
2025-05-01 02:41:23,9,2CC2,2273,55EA,FF8F42,FFC028,D65,1255,FFC6CC
2025-05-01 02:41:23,9,18E3,1424,424A,FF8B20,FFB65C,FFF5D9,FFFD4A,FFC642
2025-05-01 02:41:23,9,CDA,B43,365D,FF9B2F,FFC0FE,FFEC46,FFF16B,FFD2D4
2025-05-01 02:41:23,9,757,6C9,3100,FFB2A4,FFD2D2,FFEDD6,FFED4B,FFE220
2025-05-01 02:41:23,9,586,44F,2F2F,FFC7CF,FFE268,FFF484,FFED09,FFEF77
2025-05-01 02:41:23,9,6AC,55F,3047,FFD705,FFEC05,FFFB62,FFEEF9,FFF7B4
2025-05-01 02:41:23,9,9A8,8C4,3341,FFE018,FFF1B0,FFFFD6,FFF219,FFFCC5
2025-05-01 02:41:23,9,BB8,A3B,3533,FFE49B,FFF49E,279,FFF48A,FFFF2D
2025-05-01 02:41:23,9,C4F,A79,35CA,FFE5BD,FFF57C,33A,FFF56D,FFFF86
2025-05-01 02:41:23,9,C5B,A8C,35D0,FFE5C8,FFF58F,347,FFF577,FFFF7F
2025-05-01 02:41:23,9,C48,A6F,35DF,FFE5CA,FFF591,352,FFF570,FFFF66
2025-05-01 02:41:23,9,C4B,A80,35D8,FFE5C8,FFF58F,34E,FFF57A,FFFF6D
2025-05-01 02:41:23,9,C6A,A81,35CC,FFE5BE,FFF59B,347,FFF579,FFFF86
2025-05-01 02:41:23,9,C60,A7E,35C7,FFE5B6,FFF594,347,FFF56B,FFFF6E
2025-05-01 02:41:23,9,C5D,A86,35D3,FFE5BA,FFF5A4,350,FFF557,FFFF72
2025-05-01 02:41:23,9,C52,A99,35E3,FFE5AB,FFF597,33C,FFF556,FFFF6E
2025-05-01 02:41:23,9,C44,A91,35D1,FFE5BB,FFF58F,33F,FFF565,FFFF82
2025-05-01 02:41:23,9,C46,A72,35DB,FFE5C6,FFF591,34C,FFF57D,FFFF8E
2025-05-01 02:41:23,9,C52,A71,35CB,FFE5C5,FFF5A2,367,FFF578,FFFF8E
2025-05-01 02:41:23,9,C5E,A71,35B5,FFE5CC,FFF5A0,364,FFF576,FFFF90
2025-05-01 02:41:23,9,C4E,A89,35C2,FFE5C8,FFF5A0,359,FFF57C,FFFF91
2025-05-01 02:41:23,9,C44,A9C,35D8,FFE5C1,FFF5A2,349,FFF575,FFFF85
2025-05-01 02:41:23,9,C5D,A7F,35D0,FFE5CD,FFF595,33D,FFF570,FFFF96
2025-05-01 02:41:23,9,C48,A88,35CE,FFE5D2,FFF57C,336,FFF57B,FFFF8C
2025-05-01 02:41:23,9,C44,A83,35D5,FFE5C6,FFF593,336,FFF57D,FFFF86
2025-05-01 02:41:23,9,C3E,A8A,35CB,FFE5B5,FFF58C,337,FFF57A,FFFF71
2025-05-01 02:41:23,9,C39,A8D,35BE,FFE5AD,FFF58C,34A,FFF579,FFFF78
2025-05-01 02:41:23,9,C31,A90,35D2,FFE59E,FFF577,333,FFF57D,FFFF84
2025-05-01 02:41:23,9,C39,A97,35D6,FFE5C2,FFF571,332,FFF57C,FFFF96
2025-05-01 02:41:23,9,C43,A8F,35D3,FFE5BD,FFF57C,33C,FFF569,FFFF95
2025-05-01 02:41:23,9,C48,A9A,35D0,FFE5D8,FFF5A1,33F,FFF570,FFFF7D
2025-05-01 02:41:23,9,C4F,A98,35D6,FFE5E9,FFF598,350,FFF586,FFFF7F
2025-05-01 02:41:23,9,C56,A81,35C2,FFE5EE,FFF598,350,FFF589,FFFF84
2025-05-01 02:41:23,9,C50,A83,35D4,FFE5DA,FFF58E,33B,FFF58A,FFFF9F
2025-05-01 02:41:23,9,C31,A95,35D8,FFE5B8,FFF58B,33C,FFF573,FFFF73
2025-05-01 02:41:23,9,C47,A8E,35CE,FFE5D5,FFF58C,33D,FFF572,FFFF6B
2025-05-01 02:41:23,9,C45,A8A,35C9,FFE5F4,FFF5BD,36C,FFF588,FFFF68
2025-05-01 02:41:23,9,CDD,B2C,3662,FFE6C7,FFF720,4C2,FFF63D,FFFFCF
2025-05-01 02:41:23,9,DF5,C57,379F,FFE827,FFF9FE,6F7,FFF7B1,95
2025-05-01 02:41:23,9,F03,D8F,391D,FFE9B7,FFFCF4,970,FFF953,15D
2025-05-01 02:41:23,9,1031,EAD,3A9C,FFEB75,FFFFFA,BE6,FFFAEA,248
2025-05-01 02:41:23,9,1175,1005,3C38,FFED5F,32D,EB8,FFFCA0,307
2025-05-01 02:41:23,9,12C3,1171,3DE9,FFEF22,661,1166,FFFE3A,3E6
2025-05-01 02:41:23,9,13FD,1282,3F48,FFF0DE,982,13F5,FFFFD7,4AE
2025-05-01 02:41:23,9,1555,13DC,40FB,FFF2B8,CDB,16D4,196,594
2025-05-01 02:41:23,9,1693,14F9,4295,FFF488,FD6,1947,351,661
2025-05-01 02:41:23,9,17D0,163A,441A,FFF64C,12F6,1BE5,4E5,71F
2025-05-01 02:41:23,9,18E0,174A,457D,FFF7B7,15B8,1E3E,65C,7D7
2025-05-01 02:41:23,9,19F1,1860,46E4,FFF92F,1891,2083,7C2,8A2
2025-05-01 02:41:23,9,1B04,1983,4826,FFFAAC,1B0A,228C,91B,941
2025-05-01 02:41:23,9,1BCF,1A57,4935,FFFBEC,1D4F,247A,A4C,9CC
2025-05-01 02:41:23,9,1C8D,1B17,4A1D,FFFD00,1F61,260D,B73,A57
2025-05-01 02:41:23,9,1D5F,1BB8,4AFF,FFFDEC,2128,27B3,C55,AD3
2025-05-01 02:41:23,9,1E15,1C82,4BDD,FFFEA7,228E,28EF,D2C,B3C
2025-05-01 02:41:23,9,1E90,1CB4,4C30,FFFF4E,23AC,29E4,DC5,B72
2025-05-01 02:41:23,9,1EC1,1CD7,4C7F,FFFFA0,247F,2A79,DFD,B92
2025-05-01 02:41:23,9,1EC1,1CEC,4CAD,FFFFC9,249C,2A8E,E1B,B8C
2025-05-01 02:41:23,9,1ED1,1CEA,4CA8,FFFFBE,249B,2A92,E10,B98
2025-05-01 02:41:23,9,1EC2,1CDF,4C84,FFFF97,2452,2A5C,DEF,BA6
2025-05-01 02:41:23,9,1E82,1CB5,4C32,FFFF41,2381,29B8,D85,B7C
2025-05-01 02:41:23,9,1DE0,1C5B,4BAB,FFFE8A,225C,28CD,CD3,B2B
2025-05-01 02:41:23,9,1D4D,1B8C,4AC3,FFFDBB,20D8,2767,C1D,AB0
2025-05-01 02:41:23,9,1C5F,1ADF,49E3,FFFCD8,1F0E,25CE,B51,A2C
2025-05-01 02:41:23,9,1BA7,1A08,48F2,FFFBCB,1D04,242F,A25,9C6
2025-05-01 02:41:23,9,1AE9,1935,47D9,FFFA64,1AA0,2234,8F5,920
2025-05-01 02:41:23,9,19E2,180F,4690,FFF8CC,17FF,2011,799,866
2025-05-01 02:41:23,9,18BE,16F1,452A,FFF757,154B,1DDB,612,7C2
2025-05-01 02:41:23,9,17A5,15F6,43D0,FFF603,125B,1B76,4A7,70E
2025-05-01 02:41:23,9,1665,14C2,4235,FFF426,F4C,18DF,306,63C
2025-05-01 02:41:23,9,1524,138A,4094,FFF245,C31,163E,142,555
2025-05-01 02:41:23,9,13D7,122D,3F05,FFF071,8E1,1362,FFFF9D,483
2025-05-01 02:41:23,9,12A3,1119,3D99,FFEEC7,5BB,10D4,FFFDF9,3A5
2025-05-01 02:41:23,9,114A,FA2,3BE1,FFECEC,277,E13,FFFC66,2E2
2025-05-01 02:41:23,9,FFE,E7C,3A43,FFEB1E,FFFF42,B4D,FFFAA3,205
2025-05-01 02:41:23,9,EC3,D45,38CB,FFE960,FFFC38,8EE,FFF90B,137
2025-05-01 02:41:23,9,DA1,C0C,3759,FFE7E2,FFF933,676,FFF75D,68
2025-05-01 02:41:23,9,CC3,AF3,3623,FFE699,FFF699,44D,FFF61D,FFFFD0
2025-05-01 02:41:23,9,C61,A94,35DA,FFE5D7,FFF57E,34C,FFF596,FFFFB1
2025-05-01 02:41:23,9,C51,A80,35DA,FFE5C3,FFF551,32A,FFF58C,FFFF96
2025-05-01 02:41:23,9,C45,A79,35CE,FFE5B9,FFF561,332,FFF582,FFFF9C
2025-05-01 02:41:23,9,C46,A83,35C2,FFE5BB,FFF573,329,FFF57E,FFFF90
2025-05-01 02:41:23,9,C65,A88,35C3,FFE5C1,FFF56F,33F,FFF590,FFFFA2
2025-05-01 02:41:23,9,C3D,A80,35D8,FFE5AD,FFF581,33D,FFF581,FFFF8A
2025-05-01 02:41:23,9,C45,A76,35E2,FFE5CD,FFF56F,339,FFF582,FFFF96
2025-05-01 02:41:23,9,C43,A83,35E7,FFE5C8,FFF569,32D,FFF587,FFFF80
2025-05-01 02:41:23,9,C49,A7C,35E4,FFE5AF,FFF566,318,FFF580,FFFF82
2025-05-01 02:41:23,9,C52,A82,35E2,FFE5C8,FFF56A,329,FFF578,FFFF88
2025-05-01 02:41:23,9,C4A,A75,35D2,FFE5D6,FFF584,32D,FFF593,FFFF93
2025-05-01 02:41:23,9,C42,A68,35C7,FFE5CB,FFF573,31C,FFF584,FFFF8E
2025-05-01 02:41:23,9,C3E,A83,35D4,FFE5C4,FFF564,31E,FFF56D,FFFF7C
2025-05-01 02:41:23,9,C41,A7C,35E4,FFE5B2,FFF54F,319,FFF56D,FFFF7E
2025-05-01 02:41:23,9,C4D,A60,35C4,FFE5C3,FFF55F,31E,FFF572,FFFF81
2025-05-01 02:41:23,9,C31,A7E,35D3,FFE5B5,FFF561,326,FFF569,FFFF6D
2025-05-01 02:41:23,9,C3E,A76,35E1,FFE5B5,FFF56B,31F,FFF56E,FFFF9B
2025-05-01 02:41:23,9,C36,A73,35C9,FFE5C9,FFF573,324,FFF581,FFFFAC
2025-05-01 02:41:23,9,C39,A80,35C8,FFE5C1,FFF576,329,FFF56A,FFFF8F
2025-05-01 02:41:23,9,C52,A80,35C5,FFE59B,FFF57A,336,FFF57B,FFFF83
2025-05-01 02:41:23,9,C52,A94,35DE,FFE5BF,FFF57F,32A,FFF584,FFFF85
2025-05-01 02:41:23,9,C51,A89,35D2,FFE5BE,FFF570,30F,FFF568,FFFF8E
2025-05-01 02:41:23,9,C47,A71,35BD,FFE5BB,FFF55E,30A,FFF55E,FFFF9A
2025-05-01 02:41:23,9,C4F,A82,35C3,FFE5BA,FFF56B,311,FFF569,FFFF8C
2025-05-01 02:41:23,9,C59,A77,35B2,FFE5CA,FFF557,324,FFF56E,FFFF75
2025-05-01 02:41:23,9,C58,A8A,35B6,FFE5B6,FFF567,311,FFF579,FFFF70
2025-05-01 02:41:23,9,C5B,A94,35C6,FFE5BC,FFF55C,31C,FFF57F,FFFF73
2025-05-01 02:41:23,9,C68,A76,35D9,FFE5D4,FFF575,332,FFF578,FFFFA0
2025-05-01 02:41:23,9,C4A,A77,35CC,FFE5C5,FFF56E,335,FFF568,FFFFA4
2025-05-01 02:41:23,9,C4D,A73,35BE,FFE5CE,FFF56D,325,FFF573,FFFF93
2025-05-01 02:41:23,9,C51,A6D,35BF,FFE5C1,FFF55C,312,FFF583,FFFF83
2025-05-01 02:41:23,9,C52,A88,35C2,FFE5A7,FFF550,30B,FFF57A,FFFF89
2025-05-01 02:41:23,9,C47,A7E,35C9,FFE5B5,FFF54B,31F,FFF56B,FFFF7F
2025-05-01 02:41:23,9,C3F,A7B,35BA,FFE5B7,FFF55B,31D,FFF566,FFFF89
2025-05-01 02:41:23,9,C43,A79,35BB,FFE5BD,FFF560,316,FFF55F,FFFF8D
2025-05-01 02:41:23,9,C63,A7B,35C3,FFE5B7,FFF55D,31D,FFF574,FFFF8E
2025-05-01 02:41:23,9,C61,A6A,35CE,FFE5B6,FFF55E,31C,FFF575,FFFF70
2025-05-01 02:41:23,9,C45,A64,35CE,FFE5B9,FFF558,319,FFF57F,FFFF7D
2025-05-01 02:41:23,9,C55,A85,35D6,FFE5B4,FFF54E,312,FFF564,FFFFA6
2025-05-01 02:41:23,9,C6D,A85,35CF,FFE5B4,FFF55C,331,FFF56D,FFFFA2
2025-05-01 02:41:23,9,C61,A82,35B8,FFE5CC,FFF564,34A,FFF577,FFFFB3
2025-05-01 02:41:23,9,C39,A83,35C4,FFE5CE,FFF54A,32D,FFF56E,FFFF95
2025-05-01 02:41:23,9,C3E,A7C,35DF,FFE5BE,FFF558,32E,FFF567,FFFF95
2025-05-01 02:41:23,9,C54,A92,35DF,FFE5BD,FFF55F,335,FFF56C,FFFF87
2025-05-01 02:41:23,9,C4A,A8B,35C9,FFE5BE,FFF556,32B,FFF55E,FFFF9A
2025-05-01 02:41:23,9,C48,A8D,35CB,FFE5CE,FFF561,33B,FFF564,FFFF9D
2025-05-01 02:41:23,9,C49,A71,35CB,FFE5D2,FFF56E,335,FFF56E,FFFF91
2025-05-01 02:41:23,9,C56,A8D,35D0,FFE5C2,FFF567,332,FFF56A,FFFF91
2025-05-01 02:41:23,9,C4F,A9B,35C3,FFE5BF,FFF566,337,FFF572,FFFF7F
2025-05-01 02:41:23,9,C50,A98,35C2,FFE5CD,FFF56B,33F,FFF568,FFFF86
2025-05-01 02:41:24,9,C50,A8D,35C1,FFE5CD,FFF559,31F,FFF565,FFFFAC
2025-05-01 02:41:24,9,C3C,A7B,35D9,FFE5D0,FFF568,328,FFF567,FFFFA7
2025-05-01 02:41:24,9,C42,A8D,35CB,FFE5A8,FFF56A,31E,FFF57D,FFFFAE
2025-05-01 02:41:24,9,C57,A8B,35C5,FFE5C1,FFF565,310,FFF590,FFFF98
2025-05-01 02:41:24,9,C66,A84,35BC,FFE5C9,FFF55B,322,FFF596,FFFFA0
2025-05-01 02:41:24,9,C47,A94,35D8,FFE5B4,FFF559,324,FFF58F,FFFF97
2025-05-01 02:41:24,9,C42,A9A,35DA,FFE5BC,FFF564,317,FFF570,FFFF95
2025-05-01 02:41:24,9,C48,A8F,35D7,FFE5A7,FFF559,325,FFF578,FFFFB2
2025-05-01 02:41:24,9,C63,A9A,35DC,FFE5BE,FFF573,350,FFF584,FFFFAC
2025-05-01 02:41:24,9,D16,B36,367C,FFE66A,FFF62B,3F7,FFF655,1E
2025-05-01 02:41:24,9,E18,C63,37F9,FFE78F,FFF78C,550,FFF79D,E4
2025-05-01 02:41:24,9,F53,D65,39A6,FFE8E1,FFF90F,6CD,FFF910,1BB
2025-05-01 02:41:24,9,1087,E7C,3B52,FFEA4C,FFFA99,868,FFFAC4,2C3
2025-05-01 02:41:24,9,11C3,FA0,3CEE,FFEB84,FFFC4D,A12,FFFC7D,391
2025-05-01 02:41:24,9,12F0,1092,3E60,FFECCE,FFFDBB,B7A,FFFDD8,485
